customer_id,customer_unique_id,customer_zip_code_prefix,customer_city,customer_state
CUST_000001,CUST_000001,93810,Curitiba,MG
CUST_000002,CUST_000002,24592,Goiania,MG
CUST_000003,CUST_000003,13278,Sao Paulo,SC
CUST_000004,CUST_000004,46048,Uberlandia,SC
CUST_000005,CUST_000005,42098,Recife,SP
CUST_000006,CUST_000006,39256,Caucaia,GO
CUST_000007,CUST_000007,28289,Recife,RS
CUST_000008,CUST_000008,23434,Maringa,PE
CUST_000009,CUST_000009,98696,Uberlandia,GO
CUST_000010,CUST_000010,81482,Aparecida de Goiania,SC
CUST_000011,CUST_000011,21395,Blumenau,SC
CUST_000012,CUST_000012,87397,Recife,SP
CUST_000013,CUST_000013,65302,Petropolis,RS
CUST_000014,CUST_000014,14165,Olinda,RS
CUST_000015,CUST_000015,13905,Feira de Santana,PR
CUST_000016,CUST_000016,22280,Florianopolis,RJ
CUST_000017,CUST_000017,38657,Salvador,GO
CUST_000018,CUST_000018,40495,Feira de Santana,RJ
CUST_000019,CUST_000019,76237,Petropolis,CE
CUST_000020,CUST_000020,88907,Belo Horizonte,MG
CUST_000021,CUST_000021,13478,Salvador,BA
CUST_000022,CUST_000022,83563,Florianopolis,BA
CUST_000023,CUST_000023,36062,Recife,RS
CUST_000024,CUST_000024,95181,Curitiba,PE
CUST_000025,CUST_000025,81426,Joinville,RJ
CUST_000026,CUST_000026,64987,Fortaleza,PR
CUST_000027,CUST_000027,38893,Santos,PE
CUST_000028,CUST_000028,68878,Olinda,CE
CUST_000029,CUST_000029,87236,Niteroi,BA
CUST_000030,CUST_000030,46463,Salvador,GO
CUST_000031,CUST_000031,10851,Maringa,SC
CUST_000032,CUST_000032,30926,Salvador,GO
CUST_000033,CUST_000033,65392,Rio de Janeiro,SC
CUST_000034,CUST_000034,54597,Joinville,GO
CUST_000035,CUST_000035,46421,Caucaia,RJ
CUST_000036,CUST_000036,30379,Sorocaba,BA
CUST_000037,CUST_000037,38221,Caucaia,BA
CUST_000038,CUST_000038,54118,Olinda,PE
CUST_000039,CUST_000039,23396,Blumenau,GO
CUST_000040,CUST_000040,22156,Sao Paulo,MG
CUST_000041,CUST_000041,59797,Porto Alegre,PR
CUST_000042,CUST_000042,22676,Caucaia,GO
CUST_000043,CUST_000043,57052,Salvador,GO
CUST_000044,CUST_000044,55082,Aparecida de Goiania,RJ
CUST_000045,CUST_000045,89131,Olinda,MG
CUST_000046,CUST_000046,44671,Olinda,BA
CUST_000047,CUST_000047,15695,Campinas,RJ
CUST_000048,CUST_000048,70217,Pelotas,RS
CUST_000049,CUST_000049,80284,Maringa,PR
CUST_000050,CUST_000050,26361,Fortaleza,RJ
CUST_000051,CUST_000051,59615,Belo Horizonte,MG
CUST_000052,CUST_000052,20328,Londrina,BA
CUST_000053,CUST_000053,82357,Recife,MG
CUST_000054,CUST_000054,48427,Recife,CE
CUST_000055,CUST_000055,92397,Petropolis,SC
CUST_000056,CUST_000056,91070,Campinas,SC
CUST_000057,CUST_000057,57400,Aparecida de Goiania,GO
CUST_000058,CUST_000058,85674,Porto Alegre,MG
CUST_000059,CUST_000059,35203,Belo Horizonte,GO
CUST_000060,CUST_000060,19116,Londrina,SC
CUST_000061,CUST_000061,16006,Fortaleza,SC
CUST_000062,CUST_000062,96673,Santos,MG
CUST_000063,CUST_000063,39871,Caucaia,PE
CUST_000064,CUST_000064,47930,Florianopolis,CE
CUST_000065,CUST_000065,20458,Niteroi,MG
CUST_000066,CUST_000066,40512,Porto Alegre,CE
CUST_000067,CUST_000067,23238,Petropolis,MG
CUST_000068,CUST_000068,59823,Olinda,PE
CUST_000069,CUST_000069,46434,Rio de Janeiro,PR
CUST_000070,CUST_000070,69429,Contagem,MG
CUST_000071,CUST_000071,93320,Olinda,MG
CUST_000072,CUST_000072,57819,Maringa,BA
CUST_000073,CUST_000073,31319,Fortaleza,PE
CUST_000074,CUST_000074,58520,Maringa,GO
CUST_000075,CUST_000075,56566,Blumenau,SP
CUST_000076,CUST_000076,37460,Recife,BA
CUST_000077,CUST_000077,97841,Recife,SP
CUST_000078,CUST_000078,44993,Porto Alegre,PE
CUST_000079,CUST_000079,99593,Olinda,MG
CUST_000080,CUST_000080,94939,Fortaleza,RS
CUST_000081,CUST_000081,19358,Belo Horizonte,SC
CUST_000082,CUST_000082,89840,Florianopolis,CE
CUST_000083,CUST_000083,93227,Porto Alegre,CE
CUST_000084,CUST_000084,32431,Aparecida de Goiania,PE
CUST_000085,CUST_000085,80010,Fortaleza,SC
CUST_000086,CUST_000086,42087,Contagem,PE
CUST_000087,CUST_000087,31417,Niteroi,SC
CUST_000088,CUST_000088,70589,Maringa,PE
CUST_000089,CUST_000089,59735,Blumenau,PE
CUST_000090,CUST_000090,45382,Salvador,MG
CUST_000091,CUST_000091,93886,Caucaia,RJ
CUST_000092,CUST_000092,83000,Maringa,GO
CUST_000093,CUST_000093,38785,Santos,SP
CUST_000094,CUST_000094,99733,Maringa,RS
CUST_000095,CUST_000095,52504,Londrina,PR
CUST_000096,CUST_000096,17331,Aparecida de Goiania,SP
CUST_000097,CUST_000097,40021,Goiania,PR
CUST_000098,CUST_000098,14207,Olinda,RS
CUST_000099,CUST_000099,51347,Uberlandia,CE
CUST_000100,CUST_000100,62581,Olinda,PR
CUST_000101,CUST_000101,45093,Fortaleza,MG
CUST_000102,CUST_000102,18675,Recife,PE
CUST_000103,CUST_000103,37653,Salvador,GO
CUST_000104,CUST_000104,84341,Feira de Santana,PE
CUST_000105,CUST_000105,51245,Caucaia,CE
CUST_000106,CUST_000106,37869,Caucaia,CE
CUST_000107,CUST_000107,95909,Joinville,RJ
CUST_000108,CUST_000108,75435,Recife,GO
CUST_000109,CUST_000109,61856,Feira de Santana,RJ
CUST_000110,CUST_000110,94259,Pelotas,PR
CUST_000111,CUST_000111,70142,Porto Alegre,CE
CUST_000112,CUST_000112,28726,Aparecida de Goiania,BA
CUST_000113,CUST_000113,44718,Blumenau,CE
CUST_000114,CUST_000114,28301,Caxias do Sul,SP
CUST_000115,CUST_000115,42325,Blumenau,PE
CUST_000116,CUST_000116,83579,Santos,CE
CUST_000117,CUST_000117,80644,Feira de Santana,RS
CUST_000118,CUST_000118,44438,Recife,SC
CUST_000119,CUST_000119,86622,Joinville,RJ
CUST_000120,CUST_000120,66155,Blumenau,RS
CUST_000121,CUST_000121,86484,Contagem,PR
CUST_000122,CUST_000122,62350,Recife,SP
CUST_000123,CUST_000123,57447,Santos,PE
CUST_000124,CUST_000124,38746,Belo Horizonte,PR
CUST_000125,CUST_000125,28131,Caucaia,BA
CUST_000126,CUST_000126,76784,Goiania,RJ
CUST_000127,CUST_000127,74686,Feira de Santana,PE
CUST_000128,CUST_000128,21915,Niteroi,RJ
CUST_000129,CUST_000129,16175,Recife,RS
CUST_000130,CUST_000130,24371,Rio de Janeiro,RS
CUST_000131,CUST_000131,30033,Fortaleza,GO
CUST_000132,CUST_000132,92240,Recife,BA
CUST_000133,CUST_000133,30969,Santos,GO
CUST_000134,CUST_000134,99192,Uberlandia,SC
CUST_000135,CUST_000135,65333,Blumenau,MG
CUST_000136,CUST_000136,88172,Uberlandia,GO
CUST_000137,CUST_000137,18326,Rio de Janeiro,MG
CUST_000138,CUST_000138,60432,Recife,RS
CUST_000139,CUST_000139,60019,Londrina,RS
CUST_000140,CUST_000140,88104,Feira de Santana,SP
CUST_000141,CUST_000141,71348,Goiania,GO
CUST_000142,CUST_000142,79352,Florianopolis,BA
CUST_000143,CUST_000143,42953,Niteroi,CE
CUST_000144,CUST_000144,82512,Feira de Santana,PR
CUST_000145,CUST_000145,11504,Caucaia,GO
CUST_000146,CUST_000146,99166,Joinville,CE
CUST_000147,CUST_000147,25014,Feira de Santana,MG
CUST_000148,CUST_000148,99353,Recife,BA
CUST_000149,CUST_000149,80381,Fortaleza,PR
CUST_000150,CUST_000150,44973,Sorocaba,PR
CUST_000151,CUST_000151,94012,Aparecida de Goiania,GO
CUST_000152,CUST_000152,54587,Rio de Janeiro,PR
CUST_000153,CUST_000153,24621,Porto Alegre,CE
CUST_000154,CUST_000154,48469,Maringa,RJ
CUST_000155,CUST_000155,66985,Caxias do Sul,MG
CUST_000156,CUST_000156,30730,Rio de Janeiro,SC
CUST_000157,CUST_000157,69470,Florianopolis,SP
CUST_000158,CUST_000158,10425,Niteroi,PR
CUST_000159,CUST_000159,44522,Niteroi,MG
CUST_000160,CUST_000160,75612,Olinda,MG
CUST_000161,CUST_000161,33416,Uberlandia,RS
CUST_000162,CUST_000162,76542,Maringa,MG
CUST_000163,CUST_000163,23947,Sao Paulo,BA
CUST_000164,CUST_000164,91959,Sao Paulo,RS
CUST_000165,CUST_000165,49117,Feira de Santana,SC
CUST_000166,CUST_000166,93748,Campinas,PE
CUST_000167,CUST_000167,76540,Londrina,MG
CUST_000168,CUST_000168,89818,Feira de Santana,GO
CUST_000169,CUST_000169,36071,Feira de Santana,PR
CUST_000170,CUST_000170,30032,Joinville,SC
CUST_000171,CUST_000171,59009,Belo Horizonte,SC
CUST_000172,CUST_000172,31174,Caxias do Sul,PE
CUST_000173,CUST_000173,80697,Fortaleza,RJ
CUST_000174,CUST_000174,79514,Blumenau,RJ
CUST_000175,CUST_000175,10074,Goiania,SC
CUST_000176,CUST_000176,88504,Uberlandia,CE
CUST_000177,CUST_000177,52487,Contagem,PR
CUST_000178,CUST_000178,74042,Uberlandia,BA
CUST_000179,CUST_000179,12552,Rio de Janeiro,PE
CUST_000180,CUST_000180,24662,Aparecida de Goiania,PE
CUST_000181,CUST_000181,57576,Blumenau,BA
CUST_000182,CUST_000182,50306,Aparecida de Goiania,GO
CUST_000183,CUST_000183,41385,Pelotas,SP
CUST_000184,CUST_000184,17592,Olinda,RJ
CUST_000185,CUST_000185,41571,Goiania,PE
CUST_000186,CUST_000186,84364,Belo Horizonte,BA
CUST_000187,CUST_000187,20322,Porto Alegre,RJ
CUST_000188,CUST_000188,21226,Olinda,CE
CUST_000189,CUST_000189,73699,Londrina,SC
CUST_000190,CUST_000190,19071,Olinda,RS
CUST_000191,CUST_000191,79822,Maringa,SC
CUST_000192,CUST_000192,26483,Santos,RS
CUST_000193,CUST_000193,26828,Recife,PE
CUST_000194,CUST_000194,96474,Curitiba,PR
CUST_000195,CUST_000195,72296,Caucaia,BA
CUST_000196,CUST_000196,82063,Contagem,PR
CUST_000197,CUST_000197,31643,Rio de Janeiro,BA
CUST_000198,CUST_000198,44741,Recife,CE
CUST_000199,CUST_000199,79163,Salvador,GO
CUST_000200,CUST_000200,89507,Goiania,MG
CUST_000201,CUST_000201,65461,Maringa,GO
CUST_000202,CUST_000202,37760,Joinville,PE
CUST_000203,CUST_000203,80686,Londrina,BA
CUST_000204,CUST_000204,36365,Olinda,SP
CUST_000205,CUST_000205,50857,Curitiba,SP
CUST_000206,CUST_000206,62296,Pelotas,RJ
CUST_000207,CUST_000207,98039,Blumenau,PE
CUST_000208,CUST_000208,95180,Recife,SP
CUST_000209,CUST_000209,58944,Niteroi,RJ
CUST_000210,CUST_000210,67422,Pelotas,MG
CUST_000211,CUST_000211,77839,Joinville,PE
CUST_000212,CUST_000212,69177,Goiania,PE
CUST_000213,CUST_000213,25860,Feira de Santana,SP
CUST_000214,CUST_000214,42493,Aparecida de Goiania,SC
CUST_000215,CUST_000215,39451,Maringa,RS
CUST_000216,CUST_000216,18392,Londrina,MG
CUST_000217,CUST_000217,54313,Sorocaba,PR
CUST_000218,CUST_000218,12757,Blumenau,MG
CUST_000219,CUST_000219,87110,Maringa,PR
CUST_000220,CUST_000220,82603,Santos,RJ
CUST_000221,CUST_000221,40161,Aparecida de Goiania,BA
CUST_000222,CUST_000222,87128,Sao Paulo,PR
CUST_000223,CUST_000223,38864,Aparecida de Goiania,RJ
CUST_000224,CUST_000224,10942,Olinda,BA
CUST_000225,CUST_000225,19305,Maringa,MG
CUST_000226,CUST_000226,92719,Porto Alegre,SP
CUST_000227,CUST_000227,17716,Aparecida de Goiania,SC
CUST_000228,CUST_000228,40007,Feira de Santana,PR
CUST_000229,CUST_000229,18834,Pelotas,RS
CUST_000230,CUST_000230,14117,Pelotas,SC
CUST_000231,CUST_000231,53309,Goiania,RJ
CUST_000232,CUST_000232,19287,Maringa,RJ
CUST_000233,CUST_000233,77391,Uberlandia,SP
CUST_000234,CUST_000234,41195,Niteroi,RS
CUST_000235,CUST_000235,46500,Campinas,PE
CUST_000236,CUST_000236,97684,Maringa,RJ
CUST_000237,CUST_000237,73624,Recife,MG
CUST_000238,CUST_000238,38080,Sorocaba,GO
CUST_000239,CUST_000239,80678,Goiania,RS
CUST_000240,CUST_000240,27342,Feira de Santana,CE
CUST_000241,CUST_000241,84847,Belo Horizonte,PE
CUST_000242,CUST_000242,85525,Petropolis,SP
CUST_000243,CUST_000243,71953,Curitiba,SP
CUST_000244,CUST_000244,41850,Salvador,BA
CUST_000245,CUST_000245,71993,Blumenau,RJ
CUST_000246,CUST_000246,63354,Contagem,SC
CUST_000247,CUST_000247,34957,Porto Alegre,MG
CUST_000248,CUST_000248,22363,Belo Horizonte,PE
CUST_000249,CUST_000249,22704,Fortaleza,RJ
CUST_000250,CUST_000250,96374,Feira de Santana,RS
CUST_000251,CUST_000251,66498,Caucaia,SC
CUST_000252,CUST_000252,56438,Caucaia,RJ
CUST_000253,CUST_000253,65519,Curitiba,RJ
CUST_000254,CUST_000254,63883,Uberlandia,RJ
CUST_000255,CUST_000255,71213,Maringa,BA
CUST_000256,CUST_000256,17100,Recife,BA
CUST_000257,CUST_000257,98259,Londrina,PR
CUST_000258,CUST_000258,95649,Feira de Santana,MG
CUST_000259,CUST_000259,94696,Petropolis,SC
CUST_000260,CUST_000260,22899,Recife,MG
CUST_000261,CUST_000261,17944,Petropolis,MG
CUST_000262,CUST_000262,62772,Belo Horizonte,RJ
CUST_000263,CUST_000263,54473,Pelotas,CE
CUST_000264,CUST_000264,24322,Florianopolis,GO
CUST_000265,CUST_000265,42591,Caucaia,SP
CUST_000266,CUST_000266,35112,Feira de Santana,GO
CUST_000267,CUST_000267,34931,Petropolis,MG
CUST_000268,CUST_000268,80292,Joinville,PE
CUST_000269,CUST_000269,68800,Santos,BA
CUST_000270,CUST_000270,28373,Curitiba,RS
CUST_000271,CUST_000271,65296,Caucaia,MG
CUST_000272,CUST_000272,34050,Petropolis,SC
CUST_000273,CUST_000273,46509,Olinda,GO
CUST_000274,CUST_000274,70637,Feira de Santana,PE
CUST_000275,CUST_000275,42742,Maringa,RS
CUST_000276,CUST_000276,19880,Aparecida de Goiania,RJ
CUST_000277,CUST_000277,68082,Blumenau,RJ
CUST_000278,CUST_000278,82132,Feira de Santana,MG
CUST_000279,CUST_000279,22833,Rio de Janeiro,RJ
CUST_000280,CUST_000280,16630,Porto Alegre,GO
CUST_000281,CUST_000281,95477,Olinda,SC
CUST_000282,CUST_000282,80855,Santos,BA
CUST_000283,CUST_000283,11934,Goiania,SC
CUST_000284,CUST_000284,22224,Caucaia,BA
CUST_000285,CUST_000285,40982,Feira de Santana,MG
CUST_000286,CUST_000286,31798,Goiania,RS
CUST_000287,CUST_000287,63269,Pelotas,PR
CUST_000288,CUST_000288,73653,Petropolis,RJ
CUST_000289,CUST_000289,73092,Olinda,RS
CUST_000290,CUST_000290,38016,Londrina,CE
CUST_000291,CUST_000291,62565,Joinville,GO
CUST_000292,CUST_000292,17685,Niteroi,GO
CUST_000293,CUST_000293,31579,Contagem,GO
CUST_000294,CUST_000294,59672,Santos,PR
CUST_000295,CUST_000295,10282,Santos,SP
CUST_000296,CUST_000296,61173,Curitiba,PR
CUST_000297,CUST_000297,44760,Olinda,RS
CUST_000298,CUST_000298,69638,Niteroi,CE
CUST_000299,CUST_000299,47388,Niteroi,GO
CUST_000300,CUST_000300,65444,Porto Alegre,CE
CUST_000301,CUST_000301,82845,Caucaia,RS
CUST_000302,CUST_000302,96752,Belo Horizonte,SC
CUST_000303,CUST_000303,73788,Joinville,PR
CUST_000304,CUST_000304,30289,Recife,SP
CUST_000305,CUST_000305,34890,Feira de Santana,RS
CUST_000306,CUST_000306,48890,Caucaia,PE
CUST_000307,CUST_000307,38534,Blumenau,SC
CUST_000308,CUST_000308,17665,Aparecida de Goiania,RJ
CUST_000309,CUST_000309,85914,Contagem,RS
CUST_000310,CUST_000310,81066,Joinville,PE
CUST_000311,CUST_000311,17989,Rio de Janeiro,GO
CUST_000312,CUST_000312,51104,Recife,RJ
CUST_000313,CUST_000313,17492,Aparecida de Goiania,CE
CUST_000314,CUST_000314,16572,Blumenau,SP
CUST_000315,CUST_000315,86569,Maringa,BA
CUST_000316,CUST_000316,72493,Santos,BA
CUST_000317,CUST_000317,75909,Salvador,MG
CUST_000318,CUST_000318,79615,Porto Alegre,SC
CUST_000319,CUST_000319,30635,Recife,GO
CUST_000320,CUST_000320,17455,Recife,SC
CUST_000321,CUST_000321,76562,Porto Alegre,BA
CUST_000322,CUST_000322,20500,Salvador,CE
CUST_000323,CUST_000323,34356,Petropolis,MG
CUST_000324,CUST_000324,18981,Salvador,PE
CUST_000325,CUST_000325,87992,Fortaleza,RJ
CUST_000326,CUST_000326,18907,Salvador,SP
CUST_000327,CUST_000327,98501,Sorocaba,GO
CUST_000328,CUST_000328,40828,Joinville,RJ
CUST_000329,CUST_000329,62923,Maringa,SP
CUST_000330,CUST_000330,25713,Caxias do Sul,PR
CUST_000331,CUST_000331,84668,Rio de Janeiro,RS
CUST_000332,CUST_000332,42271,Recife,SP
CUST_000333,CUST_000333,85880,Rio de Janeiro,SP
CUST_000334,CUST_000334,87924,Pelotas,SC
CUST_000335,CUST_000335,15209,Goiania,CE
CUST_000336,CUST_000336,91183,Sorocaba,PR
CUST_000337,CUST_000337,20745,Sorocaba,CE
CUST_000338,CUST_000338,64948,Feira de Santana,SC
CUST_000339,CUST_000339,96163,Pelotas,SC
CUST_000340,CUST_000340,86503,Belo Horizonte,SC
CUST_000341,CUST_000341,84085,Aparecida de Goiania,RJ
CUST_000342,CUST_000342,78522,Caxias do Sul,CE
CUST_000343,CUST_000343,51467,Niteroi,CE
CUST_000344,CUST_000344,44179,Fortaleza,GO
CUST_000345,CUST_000345,36772,Porto Alegre,MG
CUST_000346,CUST_000346,97782,Goiania,PR
CUST_000347,CUST_000347,51180,Pelotas,RJ
CUST_000348,CUST_000348,41285,Pelotas,PR
CUST_000349,CUST_000349,44814,Salvador,RJ
CUST_000350,CUST_000350,61876,Belo Horizonte,CE
CUST_000351,CUST_000351,27154,Aparecida de Goiania,RS
CUST_000352,CUST_000352,98039,Campinas,MG
CUST_000353,CUST_000353,94607,Curitiba,CE
CUST_000354,CUST_000354,49321,Uberlandia,BA
CUST_000355,CUST_000355,69929,Uberlandia,SC
CUST_000356,CUST_000356,51441,Fortaleza,GO
CUST_000357,CUST_000357,19508,Maringa,RJ
CUST_000358,CUST_000358,11220,Uberlandia,PR
CUST_000359,CUST_000359,70068,Rio de Janeiro,SC
CUST_000360,CUST_000360,91416,Sao Paulo,RS
CUST_000361,CUST_000361,83792,Uberlandia,SP
CUST_000362,CUST_000362,23104,Sao Paulo,RS
CUST_000363,CUST_000363,19602,Feira de Santana,RJ
CUST_000364,CUST_000364,80468,Caxias do Sul,SC
CUST_000365,CUST_000365,37938,Aparecida de Goiania,RJ
CUST_000366,CUST_000366,76307,Feira de Santana,PE
CUST_000367,CUST_000367,44760,Campinas,GO
CUST_000368,CUST_000368,27361,Contagem,GO
CUST_000369,CUST_000369,55745,Londrina,SP
CUST_000370,CUST_000370,19016,Santos,PR
CUST_000371,CUST_000371,42018,Belo Horizonte,MG
CUST_000372,CUST_000372,58434,Florianopolis,RJ
CUST_000373,CUST_000373,47353,Caucaia,SP
CUST_000374,CUST_000374,30676,Rio de Janeiro,MG
CUST_000375,CUST_000375,67433,Petropolis,SP
CUST_000376,CUST_000376,81200,Olinda,MG
CUST_000377,CUST_000377,49651,Olinda,PE
CUST_000378,CUST_000378,90173,Salvador,BA
CUST_000379,CUST_000379,95717,Fortaleza,CE
CUST_000380,CUST_000380,79329,Aparecida de Goiania,CE
CUST_000381,CUST_000381,11025,Niteroi,PR
CUST_000382,CUST_000382,97538,Recife,MG
CUST_000383,CUST_000383,82692,Fortaleza,BA
CUST_000384,CUST_000384,49240,Pelotas,MG
CUST_000385,CUST_000385,96951,Aparecida de Goiania,PR
CUST_000386,CUST_000386,23577,Sorocaba,RJ
CUST_000387,CUST_000387,27601,Caucaia,SP
CUST_000388,CUST_000388,44664,Curitiba,BA
CUST_000389,CUST_000389,25129,Olinda,SC
CUST_000390,CUST_000390,24029,Sao Paulo,PR
CUST_000391,CUST_000391,82512,Campinas,CE
CUST_000392,CUST_000392,30374,Recife,RJ
CUST_000393,CUST_000393,45697,Joinville,PR
CUST_000394,CUST_000394,46930,Joinville,GO
CUST_000395,CUST_000395,89276,Rio de Janeiro,RJ
CUST_000396,CUST_000396,37607,Recife,PE
CUST_000397,CUST_000397,54942,Olinda,PE
CUST_000398,CUST_000398,36685,Niteroi,CE
CUST_000399,CUST_000399,93130,Rio de Janeiro,BA
CUST_000400,CUST_000400,44600,Feira de Santana,SP
CUST_000401,CUST_000401,76244,Aparecida de Goiania,PE
CUST_000402,CUST_000402,74032,Uberlandia,GO
CUST_000403,CUST_000403,42914,Niteroi,MG
CUST_000404,CUST_000404,16658,Contagem,BA
CUST_000405,CUST_000405,22097,Maringa,MG
CUST_000406,CUST_000406,93136,Goiania,PR
CUST_000407,CUST_000407,65518,Aparecida de Goiania,RJ
CUST_000408,CUST_000408,46265,Caucaia,GO
CUST_000409,CUST_000409,15778,Salvador,RJ
CUST_000410,CUST_000410,10464,Florianopolis,RS
CUST_000411,CUST_000411,53719,Goiania,CE
CUST_000412,CUST_000412,27146,Caucaia,SP
CUST_000413,CUST_000413,93507,Londrina,SP
CUST_000414,CUST_000414,44335,Recife,SP
CUST_000415,CUST_000415,31178,Caucaia,RS
CUST_000416,CUST_000416,67912,Aparecida de Goiania,SP
CUST_000417,CUST_000417,82309,Blumenau,PE
CUST_000418,CUST_000418,66057,Rio de Janeiro,BA
CUST_000419,CUST_000419,83519,Petropolis,SC
CUST_000420,CUST_000420,11267,Caucaia,MG
CUST_000421,CUST_000421,24663,Caxias do Sul,MG
CUST_000422,CUST_000422,19862,Blumenau,SP
CUST_000423,CUST_000423,29536,Recife,CE
CUST_000424,CUST_000424,81511,Porto Alegre,SC
CUST_000425,CUST_000425,14722,Florianopolis,RS
CUST_000426,CUST_000426,58393,Feira de Santana,BA
CUST_000427,CUST_000427,86350,Recife,RS
CUST_000428,CUST_000428,82420,Joinville,SC
CUST_000429,CUST_000429,29410,Blumenau,BA
CUST_000430,CUST_000430,66333,Petropolis,PR
CUST_000431,CUST_000431,26704,Feira de Santana,RJ
CUST_000432,CUST_000432,15482,Joinville,GO
CUST_000433,CUST_000433,50404,Feira de Santana,BA
CUST_000434,CUST_000434,57795,Maringa,RJ
CUST_000435,CUST_000435,15229,Salvador,CE
CUST_000436,CUST_000436,56898,Belo Horizonte,SP
CUST_000437,CUST_000437,37535,Recife,MG
CUST_000438,CUST_000438,99399,Petropolis,RS
CUST_000439,CUST_000439,42706,Niteroi,CE
CUST_000440,CUST_000440,97416,Petropolis,SP
CUST_000441,CUST_000441,23473,Petropolis,SC
CUST_000442,CUST_000442,56357,Joinville,RJ
CUST_000443,CUST_000443,83385,Rio de Janeiro,PE
CUST_000444,CUST_000444,63264,Salvador,PR
CUST_000445,CUST_000445,91351,Belo Horizonte,PR
CUST_000446,CUST_000446,30257,Fortaleza,BA
CUST_000447,CUST_000447,41029,Campinas,RJ
CUST_000448,CUST_000448,31299,Goiania,CE
CUST_000449,CUST_000449,33206,Caucaia,PE
CUST_000450,CUST_000450,64040,Caucaia,SP
CUST_000451,CUST_000451,13248,Salvador,BA
CUST_000452,CUST_000452,33509,Petropolis,RS
CUST_000453,CUST_000453,53540,Florianopolis,PR
CUST_000454,CUST_000454,63964,Feira de Santana,GO
CUST_000455,CUST_000455,97806,Florianopolis,PR
CUST_000456,CUST_000456,42527,Sorocaba,GO
CUST_000457,CUST_000457,44970,Curitiba,RS
CUST_000458,CUST_000458,30866,Aparecida de Goiania,PE
CUST_000459,CUST_000459,24168,Curitiba,BA
CUST_000460,CUST_000460,60140,Feira de Santana,GO
CUST_000461,CUST_000461,15075,Niteroi,PE
CUST_000462,CUST_000462,71694,Goiania,RS
CUST_000463,CUST_000463,39154,Caucaia,CE
CUST_000464,CUST_000464,36158,Pelotas,RS
CUST_000465,CUST_000465,70332,Uberlandia,MG
CUST_000466,CUST_000466,55830,Recife,SP
CUST_000467,CUST_000467,50001,Caxias do Sul,SC
CUST_000468,CUST_000468,39831,Niteroi,SP
CUST_000469,CUST_000469,39219,Salvador,RS
CUST_000470,CUST_000470,13101,Fortaleza,CE
CUST_000471,CUST_000471,96511,Salvador,BA
CUST_000472,CUST_000472,35313,Rio de Janeiro,SP
CUST_000473,CUST_000473,62227,Londrina,BA
CUST_000474,CUST_000474,53025,Aparecida de Goiania,SP
CUST_000475,CUST_000475,46517,Pelotas,SC
CUST_000476,CUST_000476,19099,Florianopolis,PR
CUST_000477,CUST_000477,46585,Fortaleza,RJ
CUST_000478,CUST_000478,56025,Goiania,RS
CUST_000479,CUST_000479,94080,Aparecida de Goiania,CE
CUST_000480,CUST_000480,76768,Fortaleza,RS
CUST_000481,CUST_000481,62386,Santos,SC
CUST_000482,CUST_000482,99065,Aparecida de Goiania,PE
CUST_000483,CUST_000483,80282,Curitiba,SP
CUST_000484,CUST_000484,53404,Campinas,MG
CUST_000485,CUST_000485,13617,Contagem,PR
CUST_000486,CUST_000486,25118,Maringa,RJ
CUST_000487,CUST_000487,44237,Maringa,SP
CUST_000488,CUST_000488,33405,Feira de Santana,RS
CUST_000489,CUST_000489,86099,Feira de Santana,CE
CUST_000490,CUST_000490,44795,Sorocaba,SC
CUST_000491,CUST_000491,15014,Uberlandia,BA
CUST_000492,CUST_000492,24208,Uberlandia,PE
CUST_000493,CUST_000493,88193,Aparecida de Goiania,RJ
CUST_000494,CUST_000494,66959,Florianopolis,GO
CUST_000495,CUST_000495,55309,Petropolis,RJ
CUST_000496,CUST_000496,51114,Contagem,CE
CUST_000497,CUST_000497,67199,Campinas,MG
CUST_000498,CUST_000498,89457,Petropolis,SC
CUST_000499,CUST_000499,77033,Caucaia,RJ
CUST_000500,CUST_000500,25157,Porto Alegre,GO
CUST_000501,CUST_000501,60488,Florianopolis,GO
CUST_000502,CUST_000502,85574,Blumenau,SP
CUST_000503,CUST_000503,34914,Olinda,SC
CUST_000504,CUST_000504,43386,Salvador,MG
CUST_000505,CUST_000505,15817,Contagem,RS
CUST_000506,CUST_000506,67154,Salvador,PR
CUST_000507,CUST_000507,10221,Curitiba,PR
CUST_000508,CUST_000508,78146,Salvador,BA
CUST_000509,CUST_000509,80575,Aparecida de Goiania,SC
CUST_000510,CUST_000510,97900,Aparecida de Goiania,BA
CUST_000511,CUST_000511,35825,Petropolis,BA
CUST_000512,CUST_000512,57739,Sorocaba,PE
CUST_000513,CUST_000513,66531,Contagem,PR
CUST_000514,CUST_000514,19171,Uberlandia,RS
CUST_000515,CUST_000515,97062,Goiania,RJ
CUST_000516,CUST_000516,53279,Campinas,RS
CUST_000517,CUST_000517,91678,Niteroi,MG
CUST_000518,CUST_000518,51145,Londrina,GO
CUST_000519,CUST_000519,96951,Recife,RJ
CUST_000520,CUST_000520,26334,Joinville,MG
CUST_000521,CUST_000521,49363,Recife,RJ
CUST_000522,CUST_000522,76469,Goiania,MG
CUST_000523,CUST_000523,50538,Recife,PE
CUST_000524,CUST_000524,97410,Blumenau,PE
CUST_000525,CUST_000525,63528,Londrina,BA
CUST_000526,CUST_000526,52753,Pelotas,SC
CUST_000527,CUST_000527,62743,Fortaleza,RJ
CUST_000528,CUST_000528,48752,Rio de Janeiro,CE
CUST_000529,CUST_000529,82667,Salvador,BA
CUST_000530,CUST_000530,26683,Florianopolis,RS
CUST_000531,CUST_000531,35144,Rio de Janeiro,PE
CUST_000532,CUST_000532,65108,Maringa,PR
CUST_000533,CUST_000533,97153,Goiania,PE
CUST_000534,CUST_000534,59695,Olinda,PR
CUST_000535,CUST_000535,98777,Fortaleza,RJ
CUST_000536,CUST_000536,32810,Curitiba,RJ
CUST_000537,CUST_000537,90676,Sao Paulo,MG
CUST_000538,CUST_000538,84593,Caxias do Sul,PR
CUST_000539,CUST_000539,49446,Joinville,GO
CUST_000540,CUST_000540,63225,Goiania,SP
CUST_000541,CUST_000541,81819,Campinas,RS
CUST_000542,CUST_000542,10053,Sao Paulo,BA
CUST_000543,CUST_000543,49829,Porto Alegre,MG
CUST_000544,CUST_000544,47606,Maringa,RJ
CUST_000545,CUST_000545,37549,Caxias do Sul,RS
CUST_000546,CUST_000546,66346,Belo Horizonte,BA
CUST_000547,CUST_000547,86019,Maringa,SC
CUST_000548,CUST_000548,89516,Maringa,CE
CUST_000549,CUST_000549,95813,Feira de Santana,SP
CUST_000550,CUST_000550,52237,Petropolis,PR
CUST_000551,CUST_000551,70946,Santos,PR
CUST_000552,CUST_000552,67905,Recife,MG
CUST_000553,CUST_000553,67954,Joinville,SP
CUST_000554,CUST_000554,98555,Belo Horizonte,SC
CUST_000555,CUST_000555,38010,Contagem,PE
CUST_000556,CUST_000556,77000,Blumenau,CE
CUST_000557,CUST_000557,72021,Fortaleza,CE
CUST_000558,CUST_000558,32241,Caxias do Sul,RS
CUST_000559,CUST_000559,96356,Caucaia,RJ
CUST_000560,CUST_000560,21114,Caucaia,PE
CUST_000561,CUST_000561,47196,Salvador,RJ
CUST_000562,CUST_000562,77561,Petropolis,MG
CUST_000563,CUST_000563,97012,Blumenau,RJ
CUST_000564,CUST_000564,92960,Campinas,SP
CUST_000565,CUST_000565,91167,Blumenau,SP
CUST_000566,CUST_000566,53933,Sorocaba,RS
CUST_000567,CUST_000567,22240,Olinda,MG
CUST_000568,CUST_000568,40784,Rio de Janeiro,RS
CUST_000569,CUST_000569,98184,Feira de Santana,SC
CUST_000570,CUST_000570,50687,Aparecida de Goiania,BA
CUST_000571,CUST_000571,39444,Blumenau,RJ
CUST_000572,CUST_000572,36100,Aparecida de Goiania,GO
CUST_000573,CUST_000573,29313,Blumenau,GO
CUST_000574,CUST_000574,13201,Joinville,PR
CUST_000575,CUST_000575,16057,Londrina,RJ
CUST_000576,CUST_000576,42092,Rio de Janeiro,SP
CUST_000577,CUST_000577,72277,Joinville,RJ
CUST_000578,CUST_000578,90120,Sorocaba,RS
CUST_000579,CUST_000579,19545,Salvador,PE
CUST_000580,CUST_000580,69692,Contagem,MG
CUST_000581,CUST_000581,64321,Aparecida de Goiania,RJ
CUST_000582,CUST_000582,92544,Recife,BA
CUST_000583,CUST_000583,85454,Salvador,RJ
CUST_000584,CUST_000584,35485,Niteroi,SP
CUST_000585,CUST_000585,60328,Blumenau,PE
CUST_000586,CUST_000586,74799,Rio de Janeiro,SP
CUST_000587,CUST_000587,62383,Caxias do Sul,MG
CUST_000588,CUST_000588,41979,Florianopolis,GO
CUST_000589,CUST_000589,29342,Aparecida de Goiania,SC
CUST_000590,CUST_000590,95990,Joinville,SC
CUST_000591,CUST_000591,10726,Fortaleza,PE
CUST_000592,CUST_000592,23970,Niteroi,SP
CUST_000593,CUST_000593,65724,Florianopolis,SC
CUST_000594,CUST_000594,38683,Londrina,SC
CUST_000595,CUST_000595,33053,Salvador,MG
CUST_000596,CUST_000596,77889,Caxias do Sul,BA
CUST_000597,CUST_000597,70889,Salvador,RS
CUST_000598,CUST_000598,16582,Uberlandia,MG
CUST_000599,CUST_000599,83060,Niteroi,PR
CUST_000600,CUST_000600,42662,Fortaleza,PR
CUST_000601,CUST_000601,25906,Petropolis,PE
CUST_000602,CUST_000602,69829,Fortaleza,MG
CUST_000603,CUST_000603,27477,Fortaleza,SP
CUST_000604,CUST_000604,70901,Caxias do Sul,GO
CUST_000605,CUST_000605,97500,Feira de Santana,GO
CUST_000606,CUST_000606,79616,Salvador,GO
CUST_000607,CUST_000607,83259,Belo Horizonte,RS
CUST_000608,CUST_000608,88047,Porto Alegre,PR
CUST_000609,CUST_000609,51588,Petropolis,PE
CUST_000610,CUST_000610,68008,Contagem,SC
CUST_000611,CUST_000611,90301,Maringa,CE
CUST_000612,CUST_000612,76162,Pelotas,PE
CUST_000613,CUST_000613,65933,Belo Horizonte,SP
CUST_000614,CUST_000614,81810,Aparecida de Goiania,RJ
CUST_000615,CUST_000615,68446,Belo Horizonte,PR
CUST_000616,CUST_000616,30861,Niteroi,SC
CUST_000617,CUST_000617,72216,Uberlandia,MG
CUST_000618,CUST_000618,68991,Recife,SC
CUST_000619,CUST_000619,43972,Recife,RS
CUST_000620,CUST_000620,42406,Goiania,CE
CUST_000621,CUST_000621,93579,Goiania,RS
CUST_000622,CUST_000622,46347,Olinda,CE
CUST_000623,CUST_000623,78327,Goiania,SP
CUST_000624,CUST_000624,73517,Goiania,SC
CUST_000625,CUST_000625,92149,Feira de Santana,BA
CUST_000626,CUST_000626,41358,Salvador,PE
CUST_000627,CUST_000627,45992,Contagem,CE
CUST_000628,CUST_000628,67654,Olinda,PE
CUST_000629,CUST_000629,20155,Niteroi,BA
CUST_000630,CUST_000630,47450,Olinda,GO
CUST_000631,CUST_000631,40735,Olinda,CE
CUST_000632,CUST_000632,45614,Maringa,BA
CUST_000633,CUST_000633,54020,Maringa,SC
CUST_000634,CUST_000634,51904,Aparecida de Goiania,PR
CUST_000635,CUST_000635,80798,Santos,MG
CUST_000636,CUST_000636,20561,Feira de Santana,SP
CUST_000637,CUST_000637,28136,Caucaia,BA
CUST_000638,CUST_000638,29769,Petropolis,GO
CUST_000639,CUST_000639,40311,Londrina,RS
CUST_000640,CUST_000640,60205,Olinda,SP
CUST_000641,CUST_000641,30028,Recife,PR
CUST_000642,CUST_000642,38043,Sorocaba,SP
CUST_000643,CUST_000643,18418,Santos,PE
CUST_000644,CUST_000644,64377,Salvador,CE
CUST_000645,CUST_000645,63424,Londrina,BA
CUST_000646,CUST_000646,53369,Niteroi,GO
CUST_000647,CUST_000647,81121,Niteroi,RS
CUST_000648,CUST_000648,71069,Goiania,MG
CUST_000649,CUST_000649,64496,Goiania,RJ
CUST_000650,CUST_000650,18161,Fortaleza,RS
CUST_000651,CUST_000651,37110,Florianopolis,RS
CUST_000652,CUST_000652,65069,Olinda,PR
CUST_000653,CUST_000653,61049,Aparecida de Goiania,CE
CUST_000654,CUST_000654,86556,Caucaia,SP
CUST_000655,CUST_000655,12560,Campinas,RS
CUST_000656,CUST_000656,85456,Recife,GO
CUST_000657,CUST_000657,59857,Aparecida de Goiania,SC
CUST_000658,CUST_000658,72518,Porto Alegre,BA
CUST_000659,CUST_000659,10772,Feira de Santana,MG
CUST_000660,CUST_000660,56105,Goiania,MG
CUST_000661,CUST_000661,49139,Olinda,RS
CUST_000662,CUST_000662,61116,Caucaia,GO
CUST_000663,CUST_000663,64921,Uberlandia,BA
CUST_000664,CUST_000664,80545,Sorocaba,BA
CUST_000665,CUST_000665,81582,Olinda,GO
CUST_000666,CUST_000666,89069,Niteroi,SP
CUST_000667,CUST_000667,38906,Salvador,BA
CUST_000668,CUST_000668,73993,Petropolis,GO
CUST_000669,CUST_000669,38760,Caucaia,GO
CUST_000670,CUST_000670,45774,Belo Horizonte,MG
CUST_000671,CUST_000671,67125,Campinas,GO
CUST_000672,CUST_000672,73654,Pelotas,RS
CUST_000673,CUST_000673,13804,Olinda,PE
CUST_000674,CUST_000674,60968,Recife,CE
CUST_000675,CUST_000675,54057,Fortaleza,PR
CUST_000676,CUST_000676,97670,Fortaleza,MG
CUST_000677,CUST_000677,99016,Goiania,PE
CUST_000678,CUST_000678,62994,Contagem,SP
CUST_000679,CUST_000679,31632,Salvador,RJ
CUST_000680,CUST_000680,71261,Salvador,SP
CUST_000681,CUST_000681,26728,Londrina,RS
CUST_000682,CUST_000682,91560,Florianopolis,GO
CUST_000683,CUST_000683,80008,Blumenau,RS
CUST_000684,CUST_000684,13534,Salvador,SP
CUST_000685,CUST_000685,61645,Goiania,CE
CUST_000686,CUST_000686,87580,Campinas,PE
CUST_000687,CUST_000687,83975,Salvador,SP
CUST_000688,CUST_000688,96900,Rio de Janeiro,BA
CUST_000689,CUST_000689,13552,Feira de Santana,GO
CUST_000690,CUST_000690,21003,Niteroi,RS
CUST_000691,CUST_000691,94246,Fortaleza,MG
CUST_000692,CUST_000692,66179,Blumenau,BA
CUST_000693,CUST_000693,27786,Maringa,MG
CUST_000694,CUST_000694,70515,Maringa,BA
CUST_000695,CUST_000695,33819,Aparecida de Goiania,SP
CUST_000696,CUST_000696,16590,Contagem,SP
CUST_000697,CUST_000697,44099,Feira de Santana,MG
CUST_000698,CUST_000698,59689,Rio de Janeiro,GO
CUST_000699,CUST_000699,52906,Goiania,MG
CUST_000700,CUST_000700,37742,Contagem,RJ
CUST_000701,CUST_000701,69598,Feira de Santana,CE
CUST_000702,CUST_000702,52840,Curitiba,BA
CUST_000703,CUST_000703,54236,Florianopolis,RJ
CUST_000704,CUST_000704,59692,Contagem,BA
CUST_000705,CUST_000705,46471,Aparecida de Goiania,SC
CUST_000706,CUST_000706,65255,Petropolis,GO
CUST_000707,CUST_000707,43065,Londrina,RJ
CUST_000708,CUST_000708,20735,Fortaleza,BA
CUST_000709,CUST_000709,71644,Blumenau,PR
CUST_000710,CUST_000710,12540,Feira de Santana,BA
CUST_000711,CUST_000711,80702,Belo Horizonte,MG
CUST_000712,CUST_000712,16826,Fortaleza,MG
CUST_000713,CUST_000713,55870,Rio de Janeiro,SC
CUST_000714,CUST_000714,39389,Blumenau,PE
CUST_000715,CUST_000715,95215,Fortaleza,BA
CUST_000716,CUST_000716,18993,Salvador,MG
CUST_000717,CUST_000717,95426,Campinas,CE
CUST_000718,CUST_000718,15276,Feira de Santana,GO
CUST_000719,CUST_000719,14067,Londrina,BA
CUST_000720,CUST_000720,42411,Uberlandia,RS
CUST_000721,CUST_000721,36130,Caxias do Sul,GO
CUST_000722,CUST_000722,12671,Salvador,MG
CUST_000723,CUST_000723,91439,Olinda,SC
CUST_000724,CUST_000724,29973,Caxias do Sul,PR
CUST_000725,CUST_000725,41266,Caxias do Sul,PR
CUST_000726,CUST_000726,26544,Contagem,MG
CUST_000727,CUST_000727,72070,Belo Horizonte,MG
CUST_000728,CUST_000728,97747,Petropolis,SP
CUST_000729,CUST_000729,24993,Curitiba,GO
CUST_000730,CUST_000730,83920,Niteroi,SC
CUST_000731,CUST_000731,38569,Fortaleza,GO
CUST_000732,CUST_000732,70952,Fortaleza,SP
CUST_000733,CUST_000733,43586,Fortaleza,MG
CUST_000734,CUST_000734,58351,Sorocaba,GO
CUST_000735,CUST_000735,31992,Feira de Santana,BA
CUST_000736,CUST_000736,89415,Aparecida de Goiania,GO
CUST_000737,CUST_000737,89593,Contagem,RS
CUST_000738,CUST_000738,25012,Aparecida de Goiania,GO
CUST_000739,CUST_000739,31465,Florianopolis,RJ
CUST_000740,CUST_000740,50768,Contagem,PE
CUST_000741,CUST_000741,24168,Belo Horizonte,MG
CUST_000742,CUST_000742,85849,Contagem,BA
CUST_000743,CUST_000743,13365,Goiania,RJ
CUST_000744,CUST_000744,50888,Belo Horizonte,RS
CUST_000745,CUST_000745,85470,Olinda,BA
CUST_000746,CUST_000746,98781,Sorocaba,BA
CUST_000747,CUST_000747,59192,Blumenau,MG
CUST_000748,CUST_000748,61990,Feira de Santana,RJ
CUST_000749,CUST_000749,35995,Pelotas,BA
CUST_000750,CUST_000750,19961,Recife,PE
CUST_000751,CUST_000751,87607,Goiania,SP
CUST_000752,CUST_000752,92213,Curitiba,PR
CUST_000753,CUST_000753,41830,Recife,RS
CUST_000754,CUST_000754,23356,Pelotas,RS
CUST_000755,CUST_000755,49529,Caucaia,RJ
CUST_000756,CUST_000756,99687,Caxias do Sul,BA
CUST_000757,CUST_000757,88697,Curitiba,PR
CUST_000758,CUST_000758,25866,Recife,RJ
CUST_000759,CUST_000759,84177,Pelotas,SP
CUST_000760,CUST_000760,15383,Feira de Santana,SP
CUST_000761,CUST_000761,55508,Goiania,SC
CUST_000762,CUST_000762,79827,Recife,PE
CUST_000763,CUST_000763,66148,Olinda,SC
CUST_000764,CUST_000764,96706,Curitiba,MG
CUST_000765,CUST_000765,58571,Florianopolis,SC
CUST_000766,CUST_000766,19038,Fortaleza,PE
CUST_000767,CUST_000767,76317,Caucaia,SC
CUST_000768,CUST_000768,94874,Florianopolis,BA
CUST_000769,CUST_000769,54725,Uberlandia,CE
CUST_000770,CUST_000770,11658,Porto Alegre,SC
CUST_000771,CUST_000771,65057,Goiania,RJ
CUST_000772,CUST_000772,74251,Contagem,PE
CUST_000773,CUST_000773,23833,Londrina,GO
CUST_000774,CUST_000774,66822,Santos,RS
CUST_000775,CUST_000775,57472,Olinda,MG
CUST_000776,CUST_000776,93307,Salvador,PE
CUST_000777,CUST_000777,70258,Fortaleza,RJ
CUST_000778,CUST_000778,30052,Petropolis,SP
CUST_000779,CUST_000779,67080,Caucaia,PR
CUST_000780,CUST_000780,33086,Rio de Janeiro,SP
CUST_000781,CUST_000781,78386,Curitiba,BA
CUST_000782,CUST_000782,95256,Niteroi,PR
CUST_000783,CUST_000783,45400,Belo Horizonte,RJ
CUST_000784,CUST_000784,90728,Curitiba,RJ
CUST_000785,CUST_000785,80539,Olinda,BA
CUST_000786,CUST_000786,73372,Caucaia,MG
CUST_000787,CUST_000787,70931,Uberlandia,SC
CUST_000788,CUST_000788,67091,Florianopolis,MG
CUST_000789,CUST_000789,87656,Petropolis,RJ
CUST_000790,CUST_000790,45179,Caxias do Sul,CE
CUST_000791,CUST_000791,52245,Olinda,RJ
CUST_000792,CUST_000792,42177,Feira de Santana,BA
CUST_000793,CUST_000793,21359,Campinas,GO
CUST_000794,CUST_000794,46559,Joinville,GO
CUST_000795,CUST_000795,69087,Sorocaba,PE
CUST_000796,CUST_000796,41963,Joinville,SP
CUST_000797,CUST_000797,70910,Fortaleza,SC
CUST_000798,CUST_000798,84691,Feira de Santana,MG
CUST_000799,CUST_000799,89997,Porto Alegre,GO
CUST_000800,CUST_000800,97580,Blumenau,SC
CUST_000801,CUST_000801,59674,Niteroi,MG
CUST_000802,CUST_000802,54092,Salvador,SP
CUST_000803,CUST_000803,13761,Pelotas,RJ
CUST_000804,CUST_000804,74789,Sao Paulo,BA
CUST_000805,CUST_000805,52600,Salvador,RS
CUST_000806,CUST_000806,33834,Niteroi,RS
CUST_000807,CUST_000807,73904,Salvador,SC
CUST_000808,CUST_000808,37802,Uberlandia,CE
CUST_000809,CUST_000809,56507,Contagem,CE
CUST_000810,CUST_000810,43862,Campinas,PR
CUST_000811,CUST_000811,54608,Maringa,PR
CUST_000812,CUST_000812,46655,Olinda,PR
CUST_000813,CUST_000813,88139,Uberlandia,RS
CUST_000814,CUST_000814,46211,Olinda,RJ
CUST_000815,CUST_000815,82848,Recife,SP
CUST_000816,CUST_000816,11330,Goiania,SC
CUST_000817,CUST_000817,77715,Sao Paulo,GO
CUST_000818,CUST_000818,35042,Niteroi,CE
CUST_000819,CUST_000819,21221,Sorocaba,PE
CUST_000820,CUST_000820,41635,Londrina,MG
CUST_000821,CUST_000821,63271,Caxias do Sul,SP
CUST_000822,CUST_000822,74038,Belo Horizonte,BA
CUST_000823,CUST_000823,82768,Fortaleza,SP
CUST_000824,CUST_000824,41499,Goiania,SC
CUST_000825,CUST_000825,72402,Fortaleza,RJ
CUST_000826,CUST_000826,94659,Joinville,PR
CUST_000827,CUST_000827,74332,Niteroi,GO
CUST_000828,CUST_000828,68743,Maringa,PE
CUST_000829,CUST_000829,12260,Pelotas,RS
CUST_000830,CUST_000830,22196,Maringa,RJ
CUST_000831,CUST_000831,48566,Niteroi,SP
CUST_000832,CUST_000832,39045,Sao Paulo,RS
CUST_000833,CUST_000833,63005,Porto Alegre,MG
CUST_000834,CUST_000834,41890,Florianopolis,PR
CUST_000835,CUST_000835,50135,Aparecida de Goiania,RJ
CUST_000836,CUST_000836,97026,Recife,PE
CUST_000837,CUST_000837,86225,Petropolis,RJ
CUST_000838,CUST_000838,58368,Petropolis,PR
CUST_000839,CUST_000839,72031,Olinda,SC
CUST_000840,CUST_000840,82544,Aparecida de Goiania,PE
CUST_000841,CUST_000841,79588,Fortaleza,PE
CUST_000842,CUST_000842,55056,Santos,PR
CUST_000843,CUST_000843,65771,Caucaia,RJ
CUST_000844,CUST_000844,82140,Aparecida de Goiania,CE
CUST_000845,CUST_000845,53357,Porto Alegre,SC
CUST_000846,CUST_000846,56112,Contagem,MG
CUST_000847,CUST_000847,69473,Maringa,BA
CUST_000848,CUST_000848,45509,Florianopolis,SC
CUST_000849,CUST_000849,50189,Campinas,BA
CUST_000850,CUST_000850,42951,Aparecida de Goiania,MG
CUST_000851,CUST_000851,40217,Salvador,PE
CUST_000852,CUST_000852,25814,Porto Alegre,SP
CUST_000853,CUST_000853,35242,Aparecida de Goiania,PR
CUST_000854,CUST_000854,51359,Joinville,PE
CUST_000855,CUST_000855,25670,Uberlandia,PE
CUST_000856,CUST_000856,80236,Niteroi,PR
CUST_000857,CUST_000857,34267,Fortaleza,RS
CUST_000858,CUST_000858,35105,Salvador,PR
CUST_000859,CUST_000859,38361,Rio de Janeiro,GO
CUST_000860,CUST_000860,73464,Caucaia,SP
CUST_000861,CUST_000861,46241,Caucaia,MG
CUST_000862,CUST_000862,87278,Caucaia,RJ
CUST_000863,CUST_000863,78765,Caucaia,RJ
CUST_000864,CUST_000864,88222,Caucaia,BA
CUST_000865,CUST_000865,47093,Sao Paulo,CE
CUST_000866,CUST_000866,23176,Joinville,SC
CUST_000867,CUST_000867,35443,Olinda,GO
CUST_000868,CUST_000868,48829,Campinas,RS
CUST_000869,CUST_000869,39816,Blumenau,CE
CUST_000870,CUST_000870,57301,Feira de Santana,SP
CUST_000871,CUST_000871,33519,Maringa,SC
CUST_000872,CUST_000872,49618,Campinas,CE
CUST_000873,CUST_000873,11854,Feira de Santana,SC
CUST_000874,CUST_000874,80010,Rio de Janeiro,CE
CUST_000875,CUST_000875,26591,Salvador,PE
CUST_000876,CUST_000876,45954,Caxias do Sul,GO
CUST_000877,CUST_000877,15965,Rio de Janeiro,RS
CUST_000878,CUST_000878,17146,Aparecida de Goiania,PE
CUST_000879,CUST_000879,82529,Feira de Santana,PR
CUST_000880,CUST_000880,48290,Contagem,RJ
CUST_000881,CUST_000881,26551,Sorocaba,SC
CUST_000882,CUST_000882,93606,Feira de Santana,SP
CUST_000883,CUST_000883,74340,Caucaia,CE
CUST_000884,CUST_000884,23446,Feira de Santana,GO
CUST_000885,CUST_000885,11607,Uberlandia,CE
CUST_000886,CUST_000886,85243,Recife,GO
CUST_000887,CUST_000887,47268,Olinda,GO
CUST_000888,CUST_000888,71524,Uberlandia,MG
CUST_000889,CUST_000889,72746,Contagem,RJ
CUST_000890,CUST_000890,67733,Petropolis,PE
CUST_000891,CUST_000891,54657,Recife,MG
CUST_000892,CUST_000892,34164,Sorocaba,MG
CUST_000893,CUST_000893,16734,Londrina,RS
CUST_000894,CUST_000894,43092,Porto Alegre,RS
CUST_000895,CUST_000895,72616,Sorocaba,MG
CUST_000896,CUST_000896,24953,Caxias do Sul,SP
CUST_000897,CUST_000897,18564,Santos,SC
CUST_000898,CUST_000898,62521,Feira de Santana,RJ
CUST_000899,CUST_000899,74454,Maringa,SC
CUST_000900,CUST_000900,19710,Fortaleza,RS
CUST_000901,CUST_000901,85631,Joinville,MG
CUST_000902,CUST_000902,92502,Caucaia,GO
CUST_000903,CUST_000903,99974,Olinda,PR
CUST_000904,CUST_000904,17026,Londrina,BA
CUST_000905,CUST_000905,29887,Santos,RJ
CUST_000906,CUST_000906,29555,Porto Alegre,RJ
CUST_000907,CUST_000907,83772,Maringa,SC
CUST_000908,CUST_000908,49824,Salvador,CE
CUST_000909,CUST_000909,21164,Campinas,SC
CUST_000910,CUST_000910,42530,Salvador,CE
CUST_000911,CUST_000911,25525,Maringa,BA
CUST_000912,CUST_000912,83147,Niteroi,PR
CUST_000913,CUST_000913,64548,Salvador,CE
CUST_000914,CUST_000914,89471,Joinville,PE
CUST_000915,CUST_000915,88135,Joinville,SP
CUST_000916,CUST_000916,91057,Recife,GO
CUST_000917,CUST_000917,39581,Joinville,GO
CUST_000918,CUST_000918,78494,Feira de Santana,CE
CUST_000919,CUST_000919,59856,Belo Horizonte,SC
CUST_000920,CUST_000920,69049,Olinda,RJ
CUST_000921,CUST_000921,68028,Recife,SC
CUST_000922,CUST_000922,48974,Feira de Santana,MG
CUST_000923,CUST_000923,87139,Fortaleza,MG
CUST_000924,CUST_000924,66207,Maringa,GO
CUST_000925,CUST_000925,50026,Niteroi,GO
CUST_000926,CUST_000926,84531,Joinville,GO
CUST_000927,CUST_000927,91399,Rio de Janeiro,RJ
CUST_000928,CUST_000928,17894,Joinville,RJ
CUST_000929,CUST_000929,89905,Aparecida de Goiania,GO
CUST_000930,CUST_000930,23006,Contagem,RJ
CUST_000931,CUST_000931,37235,Caucaia,PR
CUST_000932,CUST_000932,91987,Maringa,CE
CUST_000933,CUST_000933,37659,Feira de Santana,BA
CUST_000934,CUST_000934,44687,Petropolis,SC
CUST_000935,CUST_000935,96563,Rio de Janeiro,PR
CUST_000936,CUST_000936,20641,Feira de Santana,SC
CUST_000937,CUST_000937,30585,Maringa,PE
CUST_000938,CUST_000938,41439,Maringa,GO
CUST_000939,CUST_000939,32782,Recife,GO
CUST_000940,CUST_000940,82350,Goiania,PE
CUST_000941,CUST_000941,19838,Florianopolis,SP
CUST_000942,CUST_000942,30517,Contagem,MG
CUST_000943,CUST_000943,10350,Olinda,PR
CUST_000944,CUST_000944,63545,Salvador,SC
CUST_000945,CUST_000945,69048,Recife,MG
CUST_000946,CUST_000946,87832,Sorocaba,GO
CUST_000947,CUST_000947,71592,Feira de Santana,GO
CUST_000948,CUST_000948,48175,Aparecida de Goiania,SC
CUST_000949,CUST_000949,14278,Florianopolis,SP
CUST_000950,CUST_000950,40340,Curitiba,SC
CUST_000951,CUST_000951,47762,Sao Paulo,BA
CUST_000952,CUST_000952,47056,Niteroi,RS
CUST_000953,CUST_000953,69510,Florianopolis,SP
CUST_000954,CUST_000954,19329,Salvador,PE
CUST_000955,CUST_000955,40595,Caucaia,PR
CUST_000956,CUST_000956,44675,Uberlandia,BA
CUST_000957,CUST_000957,91927,Sorocaba,SP
CUST_000958,CUST_000958,87304,Uberlandia,BA
CUST_000959,CUST_000959,96662,Goiania,PR
CUST_000960,CUST_000960,35928,Olinda,PR
CUST_000961,CUST_000961,65723,Sao Paulo,PR
CUST_000962,CUST_000962,25043,Uberlandia,PE
CUST_000963,CUST_000963,81376,Rio de Janeiro,RJ
CUST_000964,CUST_000964,39466,Caxias do Sul,RS
CUST_000965,CUST_000965,94886,Feira de Santana,MG
CUST_000966,CUST_000966,29528,Salvador,PR
CUST_000967,CUST_000967,44816,Florianopolis,PE
CUST_000968,CUST_000968,28643,Goiania,BA
CUST_000969,CUST_000969,19359,Santos,PR
CUST_000970,CUST_000970,17816,Aparecida de Goiania,SC
CUST_000971,CUST_000971,31747,Uberlandia,GO
CUST_000972,CUST_000972,50319,Olinda,RJ
CUST_000973,CUST_000973,87993,Salvador,RS
CUST_000974,CUST_000974,84607,Feira de Santana,PE
CUST_000975,CUST_000975,47828,Olinda,RS
CUST_000976,CUST_000976,67560,Niteroi,SC
CUST_000977,CUST_000977,26299,Goiania,PE
CUST_000978,CUST_000978,71433,Uberlandia,CE
CUST_000979,CUST_000979,49857,Caucaia,BA
CUST_000980,CUST_000980,62757,Feira de Santana,SP
CUST_000981,CUST_000981,45683,Florianopolis,CE
CUST_000982,CUST_000982,75597,Feira de Santana,MG
CUST_000983,CUST_000983,80776,Curitiba,RJ
CUST_000984,CUST_000984,74722,Pelotas,PR
CUST_000985,CUST_000985,67377,Rio de Janeiro,CE
CUST_000986,CUST_000986,20543,Sao Paulo,SC
CUST_000987,CUST_000987,88385,Uberlandia,MG
CUST_000988,CUST_000988,15224,Recife,CE
CUST_000989,CUST_000989,66626,Fortaleza,GO
CUST_000990,CUST_000990,52247,Blumenau,SP
CUST_000991,CUST_000991,89129,Fortaleza,MG
CUST_000992,CUST_000992,42816,Petropolis,RS
CUST_000993,CUST_000993,13390,Curitiba,RS
CUST_000994,CUST_000994,21970,Maringa,SP
CUST_000995,CUST_000995,40005,Recife,RS
CUST_000996,CUST_000996,98381,Caxias do Sul,SP
CUST_000997,CUST_000997,85392,Aparecida de Goiania,PE
CUST_000998,CUST_000998,86955,Londrina,SP
CUST_000999,CUST_000999,12719,Recife,BA
CUST_001000,CUST_001000,98117,Caxias do Sul,RS
