order_id,payment_sequential,payment_type,payment_installments,payment_value
ORD_000001,1,credit_card,1,1216.29
ORD_000002,1,credit_card,3,216.13
ORD_000003,1,debit_card,1,745.83
ORD_000004,1,debit_card,3,863.75
ORD_000005,1,boleto,3,866.15
ORD_000006,1,debit_card,6,1210.73
ORD_000007,1,boleto,3,1110.65
ORD_000008,1,voucher,1,388.6
ORD_000009,1,credit_card,1,440.54
ORD_000010,1,debit_card,6,278.79
ORD_000011,1,boleto,3,564.55
ORD_000012,1,credit_card,3,198.4
ORD_000013,1,credit_card,5,685.79
ORD_000014,1,boleto,1,588.11
ORD_000015,1,voucher,6,1475.02
ORD_000016,1,boleto,3,404.41
ORD_000017,1,voucher,1,383.69
ORD_000018,1,boleto,3,792.94
ORD_000019,1,debit_card,5,387.3
ORD_000020,1,debit_card,10,1165.27
ORD_000021,1,credit_card,5,630.39
ORD_000022,1,debit_card,2,280.31
ORD_000023,1,credit_card,4,1201.88
ORD_000024,1,debit_card,1,545.94
ORD_000025,1,credit_card,2,369.81
ORD_000026,1,credit_card,10,860.15
ORD_000027,1,voucher,1,1260.36
ORD_000028,1,voucher,3,902.01
ORD_000029,1,debit_card,1,1467.12
ORD_000030,1,credit_card,4,39.44
ORD_000031,1,credit_card,6,405.08
ORD_000032,1,credit_card,5,873.77
ORD_000033,1,credit_card,1,408.1
ORD_000034,1,credit_card,4,1416.31
ORD_000035,1,credit_card,1,256.2
ORD_000036,1,voucher,1,1119.88
ORD_000037,1,debit_card,3,530.59
ORD_000038,1,credit_card,12,469.8
ORD_000039,1,credit_card,10,1311.23
ORD_000040,1,debit_card,3,959.91
ORD_000041,1,credit_card,1,706.6
ORD_000042,1,credit_card,2,1060.9
ORD_000043,1,voucher,10,547.65
ORD_000044,1,debit_card,3,1543.0
ORD_000045,1,credit_card,2,700.02
ORD_000046,1,voucher,2,1096.1
ORD_000047,1,voucher,5,570.85
ORD_000048,1,credit_card,3,32.75
ORD_000049,1,boleto,4,1159.11
ORD_000050,1,debit_card,4,82.21
ORD_000051,1,voucher,5,384.19
ORD_000052,1,credit_card,1,717.81
ORD_000053,1,boleto,1,526.67
ORD_000054,1,credit_card,12,453.86
ORD_000055,1,debit_card,1,215.36
ORD_000056,1,debit_card,5,1425.51
ORD_000057,1,boleto,1,741.56
ORD_000058,1,debit_card,5,155.29
ORD_000059,1,credit_card,1,598.33
ORD_000060,1,boleto,1,1134.92
ORD_000061,1,voucher,3,1085.66
ORD_000062,1,voucher,1,902.7
ORD_000063,1,boleto,10,1062.91
ORD_000064,1,debit_card,1,882.78
ORD_000065,1,boleto,3,472.41
ORD_000066,1,credit_card,1,419.6
ORD_000067,1,credit_card,2,739.19
ORD_000068,1,debit_card,1,13.85
ORD_000069,1,voucher,4,432.84
ORD_000070,1,voucher,2,625.59
ORD_000071,1,credit_card,1,444.68
ORD_000072,1,voucher,4,680.5
ORD_000073,1,boleto,4,1360.28
ORD_000074,1,credit_card,1,1620.37
ORD_000075,1,credit_card,10,856.11
ORD_000076,1,voucher,1,1450.84
ORD_000077,1,debit_card,2,290.49
ORD_000078,1,credit_card,6,608.88
ORD_000079,1,boleto,5,717.54
ORD_000080,1,boleto,4,1173.86
ORD_000081,1,debit_card,1,501.21
ORD_000082,1,boleto,1,499.91
ORD_000083,1,debit_card,4,432.49
ORD_000084,1,credit_card,12,1140.63
ORD_000085,1,credit_card,1,888.26
ORD_000086,1,boleto,1,230.81
ORD_000087,1,boleto,6,996.71
ORD_000088,1,credit_card,1,1328.58
ORD_000089,1,voucher,1,1245.51
ORD_000090,1,voucher,10,361.04
ORD_000091,1,boleto,6,1192.46
ORD_000092,1,voucher,10,949.33
ORD_000093,1,debit_card,3,896.88
ORD_000094,1,credit_card,3,214.58
ORD_000095,1,voucher,2,1242.03
ORD_000096,1,credit_card,3,191.66
ORD_000097,1,credit_card,1,1404.01
ORD_000098,1,credit_card,12,389.91
ORD_000099,1,voucher,4,66.19
ORD_000100,1,credit_card,6,1495.7
ORD_000101,1,credit_card,10,998.64
ORD_000102,1,credit_card,1,521.18
ORD_000103,1,voucher,1,573.54
ORD_000104,1,voucher,10,939.87
ORD_000105,1,credit_card,3,176.06
ORD_000106,1,credit_card,1,793.38
ORD_000107,1,boleto,1,1367.4
ORD_000108,1,credit_card,3,1162.02
ORD_000109,1,boleto,2,375.81
ORD_000110,1,debit_card,4,463.01
ORD_000111,1,credit_card,3,160.95
ORD_000112,1,boleto,4,387.49
ORD_000113,1,boleto,6,1713.06
ORD_000114,1,credit_card,3,1766.9
ORD_000115,1,credit_card,5,168.1
ORD_000116,1,debit_card,1,1122.67
ORD_000117,1,credit_card,12,1123.02
ORD_000118,1,debit_card,3,1249.74
ORD_000119,1,credit_card,4,640.31
ORD_000120,1,credit_card,3,711.9
ORD_000121,1,voucher,5,1278.57
ORD_000122,1,credit_card,4,808.16
ORD_000123,1,credit_card,2,751.13
ORD_000124,1,credit_card,2,1511.25
ORD_000125,1,credit_card,5,977.7
ORD_000126,1,credit_card,3,1606.29
ORD_000127,1,credit_card,6,407.15
ORD_000128,1,debit_card,3,493.79
ORD_000129,1,voucher,2,222.87
ORD_000130,1,credit_card,2,328.02
ORD_000131,1,credit_card,10,289.81
ORD_000132,1,boleto,1,532.35
ORD_000133,1,debit_card,3,1019.14
ORD_000134,1,credit_card,3,821.09
ORD_000135,1,credit_card,1,1146.98
ORD_000136,1,credit_card,1,1466.01
ORD_000137,1,credit_card,2,984.85
ORD_000138,1,voucher,1,1348.12
ORD_000139,1,credit_card,10,44.65
ORD_000140,1,voucher,1,252.9
ORD_000141,1,debit_card,4,1319.69
ORD_000142,1,credit_card,3,1594.12
ORD_000143,1,debit_card,4,188.6
ORD_000144,1,credit_card,3,210.43
ORD_000145,1,credit_card,5,1056.88
ORD_000146,1,credit_card,1,333.63
ORD_000147,1,boleto,6,640.4
ORD_000148,1,credit_card,4,1255.6
ORD_000149,1,credit_card,2,1184.67
ORD_000150,1,debit_card,4,828.03
ORD_000151,1,credit_card,2,929.54
ORD_000152,1,credit_card,2,1132.04
ORD_000153,1,boleto,1,833.35
ORD_000154,1,credit_card,1,950.33
ORD_000155,1,credit_card,10,1201.83
ORD_000156,1,voucher,10,127.22
ORD_000157,1,boleto,10,364.62
ORD_000158,1,credit_card,4,1095.72
ORD_000159,1,debit_card,4,1361.72
ORD_000160,1,debit_card,2,450.6
ORD_000161,1,credit_card,1,1178.26
ORD_000162,1,credit_card,5,69.13
ORD_000163,1,credit_card,3,1274.56
ORD_000164,1,voucher,1,1019.68
ORD_000165,1,boleto,3,1076.36
ORD_000166,1,credit_card,1,435.92
ORD_000167,1,credit_card,1,432.26
ORD_000168,1,debit_card,3,688.78
ORD_000169,1,boleto,2,164.86
ORD_000170,1,credit_card,6,771.6
ORD_000171,1,credit_card,2,1006.34
ORD_000172,1,debit_card,1,1355.61
ORD_000173,1,boleto,2,754.96
ORD_000174,1,credit_card,6,690.32
ORD_000175,1,credit_card,6,235.73
ORD_000176,1,voucher,2,384.05
ORD_000177,1,credit_card,1,1159.07
ORD_000178,1,credit_card,1,653.33
ORD_000179,1,voucher,6,1242.75
ORD_000180,1,boleto,5,1254.63
ORD_000181,1,voucher,4,1371.95
ORD_000182,1,credit_card,1,1628.45
ORD_000183,1,debit_card,1,645.47
ORD_000184,1,debit_card,1,630.66
ORD_000185,1,credit_card,3,1006.92
ORD_000186,1,voucher,1,580.95
ORD_000187,1,credit_card,2,643.71
ORD_000188,1,credit_card,1,602.91
ORD_000189,1,credit_card,4,198.37
ORD_000190,1,debit_card,10,595.74
ORD_000191,1,boleto,1,585.36
ORD_000192,1,voucher,12,1098.3
ORD_000193,1,voucher,3,1381.79
ORD_000194,1,credit_card,1,197.48
ORD_000195,1,credit_card,2,432.17
ORD_000196,1,credit_card,12,1599.35
ORD_000197,1,credit_card,1,800.77
ORD_000198,1,voucher,3,375.89
ORD_000199,1,boleto,10,914.17
ORD_000200,1,debit_card,2,379.22
ORD_000201,1,voucher,3,899.52
ORD_000202,1,credit_card,1,1312.78
ORD_000203,1,boleto,5,265.35
ORD_000204,1,credit_card,5,1235.37
ORD_000205,1,credit_card,2,1157.25
ORD_000206,1,credit_card,4,1095.03
ORD_000207,1,credit_card,2,682.77
ORD_000208,1,boleto,12,1795.48
ORD_000209,1,credit_card,1,1013.18
ORD_000210,1,credit_card,10,1569.77
ORD_000211,1,credit_card,1,395.31
ORD_000212,1,credit_card,1,1097.38
ORD_000213,1,boleto,2,458.55
ORD_000214,1,credit_card,6,1345.2
ORD_000215,1,voucher,1,1211.07
ORD_000216,1,credit_card,1,402.32
ORD_000217,1,credit_card,5,692.75
ORD_000218,1,credit_card,12,1928.68
ORD_000219,1,voucher,4,1323.84
ORD_000220,1,debit_card,6,587.24
ORD_000221,1,credit_card,1,1464.29
ORD_000222,1,credit_card,1,461.67
ORD_000223,1,credit_card,3,139.57
ORD_000224,1,voucher,1,513.81
ORD_000225,1,credit_card,5,290.43
ORD_000226,1,voucher,3,141.19
ORD_000227,1,credit_card,4,914.86
ORD_000228,1,credit_card,2,1694.07
ORD_000229,1,boleto,2,1080.7
ORD_000230,1,boleto,4,343.22
ORD_000231,1,credit_card,1,701.13
ORD_000232,1,voucher,4,45.36
ORD_000233,1,voucher,1,989.99
ORD_000234,1,boleto,3,630.11
ORD_000235,1,credit_card,5,880.66
ORD_000236,1,credit_card,1,542.36
ORD_000237,1,credit_card,12,659.5
ORD_000238,1,credit_card,2,1193.44
ORD_000239,1,credit_card,2,417.46
ORD_000240,1,voucher,1,1454.1
ORD_000241,1,voucher,3,1207.22
ORD_000242,1,boleto,2,677.43
ORD_000243,1,credit_card,2,494.58
ORD_000244,1,credit_card,4,1216.25
ORD_000245,1,debit_card,5,803.97
ORD_000246,1,credit_card,1,425.69
ORD_000247,1,boleto,4,1034.59
ORD_000248,1,credit_card,1,696.45
ORD_000249,1,credit_card,2,498.67
ORD_000250,1,credit_card,2,1171.47
ORD_000251,1,credit_card,1,814.66
ORD_000252,1,credit_card,4,629.71
ORD_000253,1,credit_card,1,535.87
ORD_000254,1,debit_card,12,433.07
ORD_000255,1,credit_card,6,927.27
ORD_000256,1,debit_card,2,1214.44
ORD_000257,1,debit_card,1,1392.41
ORD_000258,1,voucher,2,883.4
ORD_000259,1,credit_card,1,621.19
ORD_000260,1,voucher,10,1286.61
ORD_000261,1,debit_card,5,892.8
ORD_000262,1,boleto,6,907.33
ORD_000263,1,boleto,2,636.81
ORD_000264,1,credit_card,10,433.84
ORD_000265,1,credit_card,1,748.66
ORD_000266,1,credit_card,1,425.73
ORD_000267,1,credit_card,5,477.58
ORD_000268,1,debit_card,1,305.09
ORD_000269,1,credit_card,1,417.55
ORD_000270,1,credit_card,1,46.6
ORD_000271,1,boleto,2,877.22
ORD_000272,1,debit_card,2,463.85
ORD_000273,1,credit_card,5,838.51
ORD_000274,1,credit_card,1,235.09
ORD_000275,1,credit_card,1,574.76
ORD_000276,1,credit_card,3,1304.89
ORD_000277,1,credit_card,1,852.73
ORD_000278,1,credit_card,1,296.04
ORD_000279,1,debit_card,1,1152.75
ORD_000280,1,credit_card,10,460.39
ORD_000281,1,credit_card,12,30.99
ORD_000282,1,debit_card,4,1070.98
ORD_000283,1,boleto,4,815.94
ORD_000284,1,debit_card,3,355.22
ORD_000285,1,credit_card,3,643.69
ORD_000286,1,voucher,1,1063.58
ORD_000287,1,boleto,1,186.1
ORD_000288,1,credit_card,1,266.85
ORD_000289,1,boleto,5,1480.6
ORD_000290,1,boleto,1,1072.54
ORD_000291,1,credit_card,1,862.3
ORD_000292,1,credit_card,2,482.73
ORD_000293,1,boleto,3,447.99
ORD_000294,1,boleto,1,875.36
ORD_000295,1,debit_card,3,1487.35
ORD_000296,1,voucher,2,163.38
ORD_000297,1,voucher,6,812.92
ORD_000298,1,credit_card,2,1453.48
ORD_000299,1,credit_card,2,877.98
ORD_000300,1,credit_card,6,304.12
ORD_000301,1,voucher,2,237.37
ORD_000302,1,credit_card,4,651.42
ORD_000303,1,credit_card,1,411.51
ORD_000304,1,credit_card,1,100.6
ORD_000305,1,credit_card,1,890.08
ORD_000306,1,debit_card,1,725.14
ORD_000307,1,credit_card,3,773.04
ORD_000308,1,debit_card,1,1111.08
ORD_000309,1,debit_card,3,1447.04
ORD_000310,1,voucher,5,614.46
ORD_000311,1,credit_card,1,685.36
ORD_000312,1,credit_card,4,661.51
ORD_000313,1,credit_card,2,1291.75
ORD_000314,1,voucher,2,762.38
ORD_000315,1,voucher,1,910.88
ORD_000316,1,credit_card,2,1210.09
ORD_000317,1,boleto,1,1000.75
ORD_000318,1,boleto,2,565.09
ORD_000319,1,credit_card,3,434.52
ORD_000320,1,credit_card,1,815.55
ORD_000321,1,debit_card,12,1600.74
ORD_000322,1,boleto,3,275.53
ORD_000323,1,credit_card,1,386.8
ORD_000324,1,credit_card,3,601.61
ORD_000325,1,credit_card,1,994.12
ORD_000326,1,voucher,4,1080.12
ORD_000327,1,credit_card,4,1148.65
ORD_000328,1,debit_card,12,138.16
ORD_000329,1,credit_card,2,193.36
ORD_000330,1,credit_card,3,152.97
ORD_000331,1,voucher,3,1074.71
ORD_000332,1,credit_card,3,128.58
ORD_000333,1,credit_card,4,718.43
ORD_000334,1,boleto,10,466.38
ORD_000335,1,credit_card,3,927.77
ORD_000336,1,credit_card,1,189.25
ORD_000337,1,credit_card,6,791.22
ORD_000338,1,credit_card,1,983.77
ORD_000339,1,credit_card,1,246.17
ORD_000340,1,voucher,2,409.05
ORD_000341,1,credit_card,3,1121.15
ORD_000342,1,credit_card,1,489.38
ORD_000343,1,debit_card,1,935.78
ORD_000344,1,credit_card,2,282.23
ORD_000345,1,boleto,4,309.11
ORD_000346,1,boleto,3,442.0
ORD_000347,1,credit_card,3,587.31
ORD_000348,1,credit_card,1,1223.71
ORD_000349,1,credit_card,1,908.41
ORD_000350,1,debit_card,2,838.22
ORD_000351,1,voucher,3,129.5
ORD_000352,1,voucher,4,349.71
ORD_000353,1,credit_card,1,628.8
ORD_000354,1,credit_card,2,357.33
ORD_000355,1,voucher,10,763.48
ORD_000356,1,credit_card,3,593.43
ORD_000357,1,boleto,4,1561.92
ORD_000358,1,credit_card,6,1182.31
ORD_000359,1,credit_card,2,1007.43
ORD_000360,1,credit_card,2,1162.25
ORD_000361,1,credit_card,2,1392.51
ORD_000362,1,credit_card,3,505.56
ORD_000363,1,debit_card,6,1211.58
ORD_000364,1,credit_card,1,278.76
ORD_000365,1,credit_card,2,405.84
ORD_000366,1,credit_card,1,1186.2
ORD_000367,1,credit_card,6,329.94
ORD_000368,1,voucher,1,562.35
ORD_000369,1,credit_card,12,105.41
ORD_000370,1,credit_card,1,92.81
ORD_000371,1,voucher,4,1158.85
ORD_000372,1,credit_card,1,940.24
ORD_000373,1,credit_card,1,822.85
ORD_000374,1,boleto,1,858.19
ORD_000375,1,voucher,3,442.58
ORD_000376,1,debit_card,12,290.09
ORD_000377,1,credit_card,1,729.59
ORD_000378,1,voucher,10,807.16
ORD_000379,1,debit_card,3,753.97
ORD_000380,1,debit_card,4,1678.47
ORD_000381,1,debit_card,1,1015.45
ORD_000382,1,debit_card,4,426.86
ORD_000383,1,boleto,5,1154.93
ORD_000384,1,voucher,10,141.88
ORD_000385,1,boleto,10,147.38
ORD_000386,1,debit_card,10,897.75
ORD_000387,1,credit_card,4,1000.54
ORD_000388,1,credit_card,10,139.76
ORD_000389,1,boleto,10,714.79
ORD_000390,1,debit_card,2,331.84
ORD_000391,1,credit_card,3,644.11
ORD_000392,1,credit_card,10,1659.33
ORD_000393,1,boleto,4,427.52
ORD_000394,1,credit_card,1,1289.41
ORD_000395,1,credit_card,4,24.09
ORD_000396,1,credit_card,1,202.2
ORD_000397,1,credit_card,1,1059.15
ORD_000398,1,debit_card,1,841.16
ORD_000399,1,boleto,1,639.32
ORD_000400,1,debit_card,12,665.5
ORD_000401,1,credit_card,4,494.42
ORD_000402,1,credit_card,3,1246.31
ORD_000403,1,credit_card,3,330.06
ORD_000404,1,credit_card,1,1637.4
ORD_000405,1,boleto,6,1327.57
ORD_000406,1,credit_card,1,955.9
ORD_000407,1,credit_card,5,1332.64
ORD_000408,1,credit_card,1,1252.97
ORD_000409,1,voucher,5,323.4
ORD_000410,1,debit_card,10,572.21
ORD_000411,1,boleto,1,918.35
ORD_000412,1,credit_card,1,879.02
ORD_000413,1,credit_card,1,1467.27
ORD_000414,1,credit_card,6,395.51
ORD_000415,1,credit_card,1,1265.07
ORD_000416,1,debit_card,10,116.53
ORD_000417,1,voucher,1,886.32
ORD_000418,1,boleto,3,1186.27
ORD_000419,1,credit_card,1,1089.7
ORD_000420,1,debit_card,3,786.6
ORD_000421,1,voucher,2,206.06
ORD_000422,1,credit_card,2,521.29
ORD_000423,1,credit_card,1,228.71
ORD_000424,1,credit_card,4,1282.15
ORD_000425,1,boleto,6,648.6
ORD_000426,1,boleto,6,1143.35
ORD_000427,1,credit_card,10,668.47
ORD_000428,1,boleto,2,602.92
ORD_000429,1,credit_card,5,310.73
ORD_000430,1,credit_card,1,594.01
ORD_000431,1,boleto,2,90.04
ORD_000432,1,credit_card,5,805.7
ORD_000433,1,voucher,6,305.88
ORD_000434,1,credit_card,5,1694.53
ORD_000435,1,debit_card,1,826.49
ORD_000436,1,voucher,1,916.96
ORD_000437,1,voucher,10,1545.95
ORD_000438,1,credit_card,6,356.24
ORD_000439,1,credit_card,4,441.4
ORD_000440,1,voucher,10,503.33
ORD_000441,1,credit_card,3,327.92
ORD_000442,1,debit_card,6,538.27
ORD_000443,1,boleto,3,933.42
ORD_000444,1,credit_card,1,1295.74
ORD_000445,1,credit_card,1,1189.64
ORD_000446,1,credit_card,5,468.83
ORD_000447,1,debit_card,2,566.95
ORD_000448,1,credit_card,10,429.02
ORD_000449,1,credit_card,2,721.69
ORD_000450,1,credit_card,2,407.85
ORD_000451,1,boleto,2,376.35
ORD_000452,1,credit_card,1,885.04
ORD_000453,1,credit_card,3,1196.19
ORD_000454,1,credit_card,1,1186.79
ORD_000455,1,debit_card,3,912.02
ORD_000456,1,credit_card,1,806.87
ORD_000457,1,credit_card,1,403.66
ORD_000458,1,credit_card,10,800.48
ORD_000459,1,credit_card,1,795.09
ORD_000460,1,credit_card,10,972.6
ORD_000461,1,boleto,6,629.63
ORD_000462,1,credit_card,3,1646.72
ORD_000463,1,boleto,2,1522.52
ORD_000464,1,credit_card,12,270.72
ORD_000465,1,debit_card,2,945.58
ORD_000466,1,boleto,2,458.27
ORD_000467,1,credit_card,3,1639.04
ORD_000468,1,credit_card,1,971.02
ORD_000469,1,debit_card,1,400.74
ORD_000470,1,credit_card,2,1059.31
ORD_000471,1,boleto,1,1645.81
ORD_000472,1,credit_card,12,1374.67
ORD_000473,1,boleto,12,436.73
ORD_000474,1,voucher,1,1410.21
ORD_000475,1,voucher,1,1118.69
ORD_000476,1,credit_card,4,25.79
ORD_000477,1,credit_card,4,486.24
ORD_000478,1,boleto,12,666.97
ORD_000479,1,debit_card,3,825.98
ORD_000480,1,voucher,6,639.74
ORD_000481,1,boleto,1,609.09
ORD_000482,1,boleto,3,381.37
ORD_000483,1,boleto,1,1453.68
ORD_000484,1,credit_card,3,1020.99
ORD_000485,1,voucher,5,241.1
ORD_000486,1,voucher,6,1004.16
ORD_000487,1,debit_card,5,897.74
ORD_000488,1,credit_card,3,1527.8
ORD_000489,1,boleto,4,1420.98
ORD_000490,1,voucher,6,818.86
ORD_000491,1,credit_card,3,615.71
ORD_000492,1,debit_card,3,474.39
ORD_000493,1,credit_card,2,662.79
ORD_000494,1,credit_card,2,1264.18
ORD_000495,1,boleto,1,1118.6
ORD_000496,1,credit_card,1,840.92
ORD_000497,1,credit_card,1,17.56
ORD_000498,1,debit_card,4,797.48
ORD_000499,1,credit_card,3,1349.13
ORD_000500,1,debit_card,6,1141.35
ORD_000501,1,credit_card,1,1580.47
ORD_000502,1,debit_card,6,1135.73
ORD_000503,1,voucher,3,367.72
ORD_000504,1,credit_card,1,910.55
ORD_000505,1,boleto,1,1305.41
ORD_000506,1,credit_card,4,370.84
ORD_000507,1,credit_card,1,394.3
ORD_000508,1,boleto,10,292.05
ORD_000509,1,voucher,6,231.46
ORD_000510,1,credit_card,1,504.71
ORD_000511,1,debit_card,3,485.71
ORD_000512,1,credit_card,2,388.85
ORD_000513,1,credit_card,3,1025.95
ORD_000514,1,credit_card,1,676.25
ORD_000515,1,credit_card,1,485.23
ORD_000516,1,credit_card,1,418.04
ORD_000517,1,voucher,5,712.73
ORD_000518,1,credit_card,3,794.38
ORD_000519,1,debit_card,10,397.65
ORD_000520,1,debit_card,2,839.17
ORD_000521,1,credit_card,3,1127.43
ORD_000522,1,voucher,1,308.94
ORD_000523,1,boleto,3,677.78
ORD_000524,1,debit_card,2,961.81
ORD_000525,1,credit_card,4,903.07
ORD_000526,1,credit_card,1,805.71
ORD_000527,1,credit_card,10,342.15
ORD_000528,1,voucher,1,974.04
ORD_000529,1,voucher,3,727.29
ORD_000530,1,credit_card,1,180.49
ORD_000531,1,debit_card,5,377.36
ORD_000532,1,credit_card,4,887.17
ORD_000533,1,credit_card,2,1455.68
ORD_000534,1,boleto,1,412.2
ORD_000535,1,voucher,2,836.87
ORD_000536,1,credit_card,1,264.88
ORD_000537,1,voucher,12,340.04
ORD_000538,1,credit_card,1,898.4
ORD_000539,1,credit_card,1,1036.65
ORD_000540,1,credit_card,6,772.53
ORD_000541,1,credit_card,1,879.91
ORD_000542,1,credit_card,1,270.84
ORD_000543,1,credit_card,1,911.69
ORD_000544,1,boleto,2,693.73
ORD_000545,1,voucher,10,285.26
ORD_000546,1,credit_card,2,725.76
ORD_000547,1,credit_card,12,246.56
ORD_000548,1,credit_card,6,975.53
ORD_000549,1,boleto,12,670.57
ORD_000550,1,credit_card,5,856.09
ORD_000551,1,credit_card,5,371.32
ORD_000552,1,boleto,1,1247.74
ORD_000553,1,credit_card,2,868.34
ORD_000554,1,boleto,6,884.92
ORD_000555,1,boleto,2,477.62
ORD_000556,1,credit_card,3,585.0
ORD_000557,1,credit_card,5,644.67
ORD_000558,1,credit_card,2,1501.7
ORD_000559,1,voucher,2,1062.12
ORD_000560,1,boleto,10,1745.37
ORD_000561,1,debit_card,1,522.26
ORD_000562,1,credit_card,2,1296.1
ORD_000563,1,credit_card,1,835.82
ORD_000564,1,credit_card,2,889.96
ORD_000565,1,credit_card,3,590.37
ORD_000566,1,boleto,2,1542.49
ORD_000567,1,credit_card,10,103.07
ORD_000568,1,credit_card,6,630.87
ORD_000569,1,credit_card,6,1054.22
ORD_000570,1,voucher,4,1033.2
ORD_000571,1,credit_card,5,624.71
ORD_000572,1,credit_card,1,1211.89
ORD_000573,1,voucher,3,43.5
ORD_000574,1,credit_card,6,570.81
ORD_000575,1,credit_card,2,254.16
ORD_000576,1,credit_card,6,213.38
ORD_000577,1,credit_card,3,1117.2
ORD_000578,1,credit_card,5,978.37
ORD_000579,1,credit_card,6,174.43
ORD_000580,1,voucher,3,502.94
ORD_000581,1,voucher,1,903.43
ORD_000582,1,credit_card,6,1787.56
ORD_000583,1,debit_card,4,326.5
ORD_000584,1,credit_card,1,1507.54
ORD_000585,1,boleto,1,291.8
ORD_000586,1,boleto,5,1085.68
ORD_000587,1,voucher,4,670.7
ORD_000588,1,credit_card,4,1155.66
ORD_000589,1,debit_card,6,246.64
ORD_000590,1,debit_card,3,386.47
ORD_000591,1,boleto,5,123.16
ORD_000592,1,debit_card,2,487.53
ORD_000593,1,credit_card,4,725.64
ORD_000594,1,debit_card,1,989.28
ORD_000595,1,credit_card,10,796.62
ORD_000596,1,voucher,12,729.66
ORD_000597,1,boleto,10,910.59
ORD_000598,1,credit_card,3,718.99
ORD_000599,1,credit_card,2,667.72
ORD_000600,1,voucher,4,1273.87
ORD_000601,1,boleto,1,736.52
ORD_000602,1,credit_card,1,320.68
ORD_000603,1,credit_card,2,978.83
ORD_000604,1,debit_card,4,449.31
ORD_000605,1,boleto,10,614.61
ORD_000606,1,debit_card,3,63.94
ORD_000607,1,credit_card,3,1058.5
ORD_000608,1,debit_card,5,796.08
ORD_000609,1,credit_card,1,164.05
ORD_000610,1,credit_card,12,918.48
ORD_000611,1,debit_card,1,510.05
ORD_000612,1,debit_card,2,66.14
ORD_000613,1,credit_card,1,1148.44
ORD_000614,1,credit_card,1,609.55
ORD_000615,1,credit_card,10,229.24
ORD_000616,1,credit_card,10,1143.19
ORD_000617,1,credit_card,4,702.49
ORD_000618,1,debit_card,2,821.71
ORD_000619,1,credit_card,3,331.35
ORD_000620,1,debit_card,1,248.33
ORD_000621,1,credit_card,4,302.36
ORD_000622,1,boleto,2,1284.68
ORD_000623,1,debit_card,12,460.02
ORD_000624,1,credit_card,3,1423.36
ORD_000625,1,credit_card,3,1245.71
ORD_000626,1,credit_card,3,322.96
ORD_000627,1,credit_card,1,378.54
ORD_000628,1,boleto,4,1498.71
ORD_000629,1,boleto,6,493.38
ORD_000630,1,voucher,2,465.21
ORD_000631,1,boleto,1,1117.29
ORD_000632,1,credit_card,3,1433.26
ORD_000633,1,credit_card,1,380.7
ORD_000634,1,credit_card,1,1235.02
ORD_000635,1,credit_card,5,731.82
ORD_000636,1,voucher,12,665.66
ORD_000637,1,credit_card,2,1095.13
ORD_000638,1,voucher,4,208.96
ORD_000639,1,debit_card,2,766.95
ORD_000640,1,credit_card,2,920.77
ORD_000641,1,voucher,12,64.22
ORD_000642,1,credit_card,4,672.85
ORD_000643,1,credit_card,3,727.85
ORD_000644,1,debit_card,1,431.71
ORD_000645,1,credit_card,12,400.51
ORD_000646,1,credit_card,1,825.47
ORD_000647,1,credit_card,1,2085.92
ORD_000648,1,credit_card,10,1241.7
ORD_000649,1,debit_card,1,384.45
ORD_000650,1,debit_card,5,1591.65
ORD_000651,1,credit_card,4,847.7
ORD_000652,1,debit_card,1,184.81
ORD_000653,1,credit_card,1,50.75
ORD_000654,1,boleto,5,235.24
ORD_000655,1,credit_card,10,658.74
ORD_000656,1,debit_card,1,789.87
ORD_000657,1,voucher,2,1024.22
ORD_000658,1,voucher,6,655.83
ORD_000659,1,credit_card,10,1112.47
ORD_000660,1,credit_card,10,1455.22
ORD_000661,1,debit_card,1,1592.16
ORD_000662,1,voucher,5,1575.6
ORD_000663,1,boleto,2,1252.63
ORD_000664,1,credit_card,2,1107.72
ORD_000665,1,voucher,6,1256.34
ORD_000666,1,credit_card,3,567.89
ORD_000667,1,voucher,1,398.51
ORD_000668,1,boleto,2,399.12
ORD_000669,1,credit_card,6,1163.52
ORD_000670,1,boleto,2,250.13
ORD_000671,1,credit_card,2,215.14
ORD_000672,1,voucher,10,25.86
ORD_000673,1,debit_card,1,782.01
ORD_000674,1,credit_card,3,269.18
ORD_000675,1,credit_card,1,251.89
ORD_000676,1,boleto,4,79.36
ORD_000677,1,credit_card,5,436.89
ORD_000678,1,voucher,12,469.71
ORD_000679,1,debit_card,10,455.84
ORD_000680,1,debit_card,5,201.57
ORD_000681,1,voucher,1,150.82
ORD_000682,1,credit_card,2,513.93
ORD_000683,1,debit_card,3,394.31
ORD_000684,1,boleto,1,526.85
ORD_000685,1,credit_card,10,875.16
ORD_000686,1,debit_card,1,390.38
ORD_000687,1,boleto,4,838.25
ORD_000688,1,credit_card,1,759.43
ORD_000689,1,voucher,1,43.03
ORD_000690,1,credit_card,4,1090.87
ORD_000691,1,credit_card,10,1195.59
ORD_000692,1,credit_card,2,819.99
ORD_000693,1,debit_card,3,279.25
ORD_000694,1,credit_card,3,745.03
ORD_000695,1,boleto,1,1185.71
ORD_000696,1,credit_card,1,1194.47
ORD_000697,1,debit_card,4,690.45
ORD_000698,1,debit_card,10,948.4
ORD_000699,1,credit_card,5,326.07
ORD_000700,1,debit_card,3,1224.44
ORD_000701,1,boleto,10,1153.1
ORD_000702,1,debit_card,1,1103.16
ORD_000703,1,boleto,10,801.35
ORD_000704,1,credit_card,3,696.97
ORD_000705,1,credit_card,2,691.23
ORD_000706,1,credit_card,10,553.27
ORD_000707,1,credit_card,4,666.38
ORD_000708,1,credit_card,1,749.56
ORD_000709,1,credit_card,1,602.09
ORD_000710,1,credit_card,4,281.12
ORD_000711,1,credit_card,6,815.28
ORD_000712,1,credit_card,1,1022.1
ORD_000713,1,boleto,12,809.23
ORD_000714,1,credit_card,4,104.79
ORD_000715,1,credit_card,6,1283.57
ORD_000716,1,voucher,3,1115.63
ORD_000717,1,voucher,2,71.7
ORD_000718,1,credit_card,5,526.99
ORD_000719,1,debit_card,3,1240.84
ORD_000720,1,credit_card,3,735.14
ORD_000721,1,debit_card,4,380.81
ORD_000722,1,debit_card,6,1134.98
ORD_000723,1,credit_card,1,1073.11
ORD_000724,1,boleto,1,1676.0
ORD_000725,1,debit_card,1,639.22
ORD_000726,1,voucher,5,240.93
ORD_000727,1,credit_card,1,855.16
ORD_000728,1,voucher,10,77.93
ORD_000729,1,credit_card,12,34.99
ORD_000730,1,debit_card,1,1293.48
ORD_000731,1,boleto,1,923.97
ORD_000732,1,voucher,4,1164.86
ORD_000733,1,debit_card,10,708.03
ORD_000734,1,boleto,6,385.89
ORD_000735,1,debit_card,3,1637.23
ORD_000736,1,boleto,1,135.19
ORD_000737,1,debit_card,1,843.61
ORD_000738,1,credit_card,4,1510.38
ORD_000739,1,boleto,2,606.59
ORD_000740,1,credit_card,1,1087.22
ORD_000741,1,credit_card,1,1231.48
ORD_000742,1,boleto,5,1374.96
ORD_000743,1,credit_card,12,1610.83
ORD_000744,1,credit_card,1,223.13
ORD_000745,1,boleto,1,750.59
ORD_000746,1,boleto,1,794.2
ORD_000747,1,voucher,1,205.91
ORD_000748,1,voucher,12,1037.47
ORD_000749,1,boleto,5,112.76
ORD_000750,1,boleto,1,1105.52
ORD_000751,1,debit_card,2,622.28
ORD_000752,1,credit_card,3,1126.08
ORD_000753,1,boleto,10,1694.27
ORD_000754,1,credit_card,2,715.34
ORD_000755,1,credit_card,10,677.56
ORD_000756,1,credit_card,2,544.58
ORD_000757,1,voucher,1,1477.37
ORD_000758,1,credit_card,1,1991.58
ORD_000759,1,voucher,1,1494.2
ORD_000760,1,credit_card,1,901.96
ORD_000761,1,credit_card,6,470.41
ORD_000762,1,boleto,1,1044.12
ORD_000763,1,boleto,1,1329.79
ORD_000764,1,credit_card,1,1439.35
ORD_000765,1,boleto,1,1275.94
ORD_000766,1,voucher,4,654.68
ORD_000767,1,voucher,1,646.19
ORD_000768,1,boleto,1,777.55
ORD_000769,1,boleto,3,139.15
ORD_000770,1,credit_card,1,96.25
ORD_000771,1,boleto,1,1225.64
ORD_000772,1,credit_card,1,1127.02
ORD_000773,1,credit_card,1,935.64
ORD_000774,1,credit_card,10,505.43
ORD_000775,1,credit_card,1,877.8
ORD_000776,1,credit_card,1,374.06
ORD_000777,1,credit_card,5,15.56
ORD_000778,1,credit_card,1,759.71
ORD_000779,1,debit_card,5,1050.86
ORD_000780,1,credit_card,5,547.9
ORD_000781,1,debit_card,1,374.73
ORD_000782,1,voucher,6,1003.9
ORD_000783,1,boleto,1,147.66
ORD_000784,1,credit_card,1,897.18
ORD_000785,1,boleto,5,1031.34
ORD_000786,1,credit_card,10,1174.76
ORD_000787,1,voucher,6,448.14
ORD_000788,1,debit_card,1,264.5
ORD_000789,1,debit_card,6,489.02
ORD_000790,1,boleto,3,243.43
ORD_000791,1,credit_card,10,921.53
ORD_000792,1,credit_card,1,261.56
ORD_000793,1,boleto,1,134.0
ORD_000794,1,credit_card,1,655.18
ORD_000795,1,boleto,5,1307.85
ORD_000796,1,debit_card,1,638.05
ORD_000797,1,boleto,1,1162.18
ORD_000798,1,credit_card,4,1477.89
ORD_000799,1,credit_card,1,420.49
ORD_000800,1,credit_card,6,136.73
ORD_000801,1,credit_card,1,686.54
ORD_000802,1,credit_card,1,331.44
ORD_000803,1,debit_card,3,1219.09
ORD_000804,1,credit_card,5,783.58
ORD_000805,1,voucher,12,549.03
ORD_000806,1,credit_card,2,342.94
ORD_000807,1,debit_card,3,888.65
ORD_000808,1,credit_card,1,1129.83
ORD_000809,1,credit_card,1,1459.6
ORD_000810,1,credit_card,6,480.3
ORD_000811,1,credit_card,1,671.76
ORD_000812,1,credit_card,6,1279.03
ORD_000813,1,credit_card,5,481.26
ORD_000814,1,credit_card,1,913.28
ORD_000815,1,credit_card,2,783.01
ORD_000816,1,debit_card,4,381.41
ORD_000817,1,credit_card,1,833.92
ORD_000818,1,boleto,2,248.83
ORD_000819,1,credit_card,5,1100.31
ORD_000820,1,credit_card,2,1098.82
ORD_000821,1,credit_card,1,1001.91
ORD_000822,1,debit_card,1,558.98
ORD_000823,1,voucher,10,1345.16
ORD_000824,1,credit_card,3,81.85
ORD_000825,1,credit_card,1,1163.93
ORD_000826,1,credit_card,1,1337.79
ORD_000827,1,voucher,5,1465.92
ORD_000828,1,credit_card,5,444.75
ORD_000829,1,boleto,2,1197.38
ORD_000830,1,credit_card,10,839.44
ORD_000831,1,credit_card,4,596.74
ORD_000832,1,credit_card,6,1072.08
ORD_000833,1,credit_card,6,933.72
ORD_000834,1,credit_card,5,1350.11
ORD_000835,1,credit_card,2,562.92
ORD_000836,1,boleto,2,731.12
ORD_000837,1,debit_card,2,370.79
ORD_000838,1,boleto,4,450.35
ORD_000839,1,debit_card,4,452.9
ORD_000840,1,boleto,3,562.69
ORD_000841,1,boleto,3,1698.18
ORD_000842,1,voucher,1,690.08
ORD_000843,1,boleto,2,516.35
ORD_000844,1,boleto,2,224.0
ORD_000845,1,debit_card,6,275.74
ORD_000846,1,credit_card,5,854.43
ORD_000847,1,debit_card,2,373.12
ORD_000848,1,debit_card,1,554.94
ORD_000849,1,voucher,5,228.11
ORD_000850,1,credit_card,12,977.42
ORD_000851,1,credit_card,1,409.91
ORD_000852,1,credit_card,5,807.65
ORD_000853,1,voucher,1,434.72
ORD_000854,1,credit_card,1,1270.93
ORD_000855,1,credit_card,1,288.42
ORD_000856,1,credit_card,6,463.56
ORD_000857,1,credit_card,5,735.79
ORD_000858,1,credit_card,4,85.31
ORD_000859,1,boleto,1,414.2
ORD_000860,1,credit_card,1,1121.75
ORD_000861,1,debit_card,1,1191.69
ORD_000862,1,debit_card,1,1083.83
ORD_000863,1,credit_card,1,463.63
ORD_000864,1,debit_card,2,66.36
ORD_000865,1,debit_card,1,1158.17
ORD_000866,1,credit_card,12,25.11
ORD_000867,1,credit_card,2,422.85
ORD_000868,1,boleto,5,395.15
ORD_000869,1,credit_card,3,760.21
ORD_000870,1,credit_card,3,1660.88
ORD_000871,1,credit_card,3,666.32
ORD_000872,1,credit_card,3,1352.74
ORD_000873,1,boleto,1,1348.46
ORD_000874,1,credit_card,3,1121.47
ORD_000875,1,boleto,1,582.92
ORD_000876,1,credit_card,12,1361.31
ORD_000877,1,credit_card,5,141.93
ORD_000878,1,credit_card,1,857.53
ORD_000879,1,credit_card,3,463.86
ORD_000880,1,debit_card,12,727.06
ORD_000881,1,voucher,2,630.72
ORD_000882,1,credit_card,10,1910.31
ORD_000883,1,credit_card,12,534.25
ORD_000884,1,credit_card,10,443.66
ORD_000885,1,boleto,1,1464.31
ORD_000886,1,credit_card,12,956.11
ORD_000887,1,voucher,1,719.61
ORD_000888,1,credit_card,4,404.58
ORD_000889,1,voucher,1,797.05
ORD_000890,1,credit_card,1,1620.29
ORD_000891,1,debit_card,4,701.1
ORD_000892,1,credit_card,2,701.27
ORD_000893,1,credit_card,1,291.4
ORD_000894,1,credit_card,12,116.99
ORD_000895,1,voucher,1,1171.32
ORD_000896,1,credit_card,6,1474.09
ORD_000897,1,debit_card,2,455.13
ORD_000898,1,debit_card,2,1064.56
ORD_000899,1,voucher,6,161.55
ORD_000900,1,credit_card,2,875.92
ORD_000901,1,credit_card,10,366.04
ORD_000902,1,boleto,4,785.09
ORD_000903,1,boleto,1,394.42
ORD_000904,1,credit_card,2,749.81
ORD_000905,1,credit_card,2,530.34
ORD_000906,1,credit_card,1,50.18
ORD_000907,1,boleto,1,721.35
ORD_000908,1,credit_card,5,1802.23
ORD_000909,1,credit_card,1,891.6
ORD_000910,1,credit_card,4,910.15
ORD_000911,1,credit_card,4,1083.72
ORD_000912,1,boleto,3,912.31
ORD_000913,1,credit_card,1,1717.12
ORD_000914,1,voucher,1,764.86
ORD_000915,1,credit_card,5,721.71
ORD_000916,1,credit_card,3,454.5
ORD_000917,1,voucher,6,685.94
ORD_000918,1,credit_card,2,112.43
ORD_000919,1,debit_card,2,994.2
ORD_000920,1,credit_card,1,915.65
ORD_000921,1,credit_card,1,149.0
ORD_000922,1,boleto,10,97.73
ORD_000923,1,credit_card,3,344.21
ORD_000924,1,credit_card,2,138.56
ORD_000925,1,boleto,3,893.4
ORD_000926,1,credit_card,1,381.13
ORD_000927,1,debit_card,2,556.38
ORD_000928,1,credit_card,6,424.61
ORD_000929,1,credit_card,2,99.34
ORD_000930,1,voucher,2,749.31
ORD_000931,1,boleto,3,391.47
ORD_000932,1,credit_card,10,1243.66
ORD_000933,1,voucher,1,422.3
ORD_000934,1,credit_card,1,463.42
ORD_000935,1,credit_card,1,1539.51
ORD_000936,1,credit_card,12,1336.23
ORD_000937,1,credit_card,2,474.31
ORD_000938,1,boleto,5,762.93
ORD_000939,1,boleto,2,236.83
ORD_000940,1,debit_card,1,308.54
ORD_000941,1,credit_card,1,720.04
ORD_000942,1,boleto,10,1209.96
ORD_000943,1,credit_card,12,81.22
ORD_000944,1,debit_card,2,1456.68
ORD_000945,1,credit_card,1,170.89
ORD_000946,1,boleto,1,1147.43
ORD_000947,1,credit_card,1,1068.29
ORD_000948,1,credit_card,2,1114.63
ORD_000949,1,credit_card,4,1289.36
ORD_000950,1,debit_card,2,1023.42
ORD_000951,1,debit_card,1,954.37
ORD_000952,1,boleto,1,1151.49
ORD_000953,1,debit_card,2,803.78
ORD_000954,1,credit_card,1,241.06
ORD_000955,1,credit_card,1,678.54
ORD_000956,1,credit_card,3,1520.57
ORD_000957,1,credit_card,6,504.26
ORD_000958,1,credit_card,2,500.12
ORD_000959,1,credit_card,12,543.13
ORD_000960,1,debit_card,12,374.0
ORD_000961,1,boleto,1,986.81
ORD_000962,1,debit_card,2,1294.44
ORD_000963,1,credit_card,1,708.93
ORD_000964,1,credit_card,2,2118.55
ORD_000965,1,debit_card,2,476.32
ORD_000966,1,credit_card,1,275.26
ORD_000967,1,voucher,1,251.05
ORD_000968,1,boleto,1,1367.57
ORD_000969,1,boleto,3,1081.46
ORD_000970,1,credit_card,1,654.01
ORD_000971,1,voucher,10,216.48
ORD_000972,1,debit_card,2,543.25
ORD_000973,1,credit_card,3,452.48
ORD_000974,1,credit_card,10,1454.23
ORD_000975,1,credit_card,3,305.54
ORD_000976,1,voucher,1,412.94
ORD_000977,1,boleto,3,676.7
ORD_000978,1,debit_card,6,1247.07
ORD_000979,1,voucher,1,450.87
ORD_000980,1,credit_card,4,1146.2
ORD_000981,1,credit_card,2,1996.31
ORD_000982,1,boleto,2,697.25
ORD_000983,1,credit_card,2,25.71
ORD_000984,1,credit_card,10,1266.86
ORD_000985,1,voucher,5,34.45
ORD_000986,1,credit_card,2,535.96
ORD_000987,1,boleto,4,450.86
ORD_000988,1,debit_card,1,853.38
ORD_000989,1,credit_card,3,1668.5
ORD_000990,1,credit_card,2,491.22
ORD_000991,1,credit_card,1,271.37
ORD_000992,1,credit_card,1,523.57
ORD_000993,1,voucher,1,745.09
ORD_000994,1,voucher,2,211.23
ORD_000995,1,debit_card,1,936.91
ORD_000996,1,credit_card,1,1050.18
ORD_000997,1,boleto,1,741.24
ORD_000998,1,debit_card,12,109.12
ORD_000999,1,credit_card,6,1480.63
ORD_001000,1,debit_card,10,678.75
ORD_001001,1,credit_card,10,1182.65
ORD_001002,1,boleto,5,1661.07
ORD_001003,1,debit_card,2,586.75
ORD_001004,1,boleto,5,546.61
ORD_001005,1,credit_card,1,1094.18
ORD_001006,1,voucher,1,1502.4
ORD_001007,1,credit_card,3,509.52
ORD_001008,1,credit_card,3,966.32
ORD_001009,1,debit_card,2,164.56
ORD_001010,1,credit_card,1,1274.95
ORD_001011,1,debit_card,2,257.42
ORD_001012,1,credit_card,12,1106.8
ORD_001013,1,debit_card,4,150.28
ORD_001014,1,credit_card,5,912.44
ORD_001015,1,credit_card,6,528.35
ORD_001016,1,credit_card,10,586.73
ORD_001017,1,credit_card,10,1255.17
ORD_001018,1,debit_card,2,75.4
ORD_001019,1,debit_card,2,457.19
ORD_001020,1,credit_card,1,43.01
ORD_001021,1,debit_card,4,1535.32
ORD_001022,1,boleto,2,977.32
ORD_001023,1,boleto,4,521.19
ORD_001024,1,voucher,1,1858.4
ORD_001025,1,debit_card,1,446.11
ORD_001026,1,credit_card,1,1619.66
ORD_001027,1,boleto,3,1171.61
ORD_001028,1,voucher,10,981.59
ORD_001029,1,voucher,3,745.69
ORD_001030,1,credit_card,3,1283.69
ORD_001031,1,credit_card,5,788.89
ORD_001032,1,voucher,2,402.96
ORD_001033,1,credit_card,5,1281.42
ORD_001034,1,voucher,6,473.31
ORD_001035,1,voucher,1,248.46
ORD_001036,1,debit_card,6,919.13
ORD_001037,1,boleto,2,1073.27
ORD_001038,1,credit_card,2,346.19
ORD_001039,1,debit_card,3,295.1
ORD_001040,1,debit_card,6,830.84
ORD_001041,1,voucher,1,1110.55
ORD_001042,1,voucher,1,406.42
ORD_001043,1,credit_card,2,1081.81
ORD_001044,1,credit_card,12,1494.46
ORD_001045,1,credit_card,3,1461.49
ORD_001046,1,credit_card,3,1127.68
ORD_001047,1,voucher,3,931.85
ORD_001048,1,credit_card,2,456.92
ORD_001049,1,credit_card,12,1041.46
ORD_001050,1,debit_card,4,1104.04
ORD_001051,1,voucher,1,377.44
ORD_001052,1,credit_card,1,1275.07
ORD_001053,1,boleto,2,461.05
ORD_001054,1,debit_card,3,854.49
ORD_001055,1,debit_card,1,482.13
ORD_001056,1,credit_card,3,1016.35
ORD_001057,1,credit_card,6,357.02
ORD_001058,1,credit_card,5,1151.46
ORD_001059,1,boleto,5,1617.15
ORD_001060,1,credit_card,5,804.34
ORD_001061,1,credit_card,3,391.51
ORD_001062,1,debit_card,1,586.69
ORD_001063,1,credit_card,5,1406.46
ORD_001064,1,credit_card,3,878.52
ORD_001065,1,debit_card,2,697.89
ORD_001066,1,voucher,1,862.73
ORD_001067,1,voucher,3,85.87
ORD_001068,1,voucher,1,491.08
ORD_001069,1,boleto,1,527.2
ORD_001070,1,voucher,12,1642.31
ORD_001071,1,credit_card,6,496.54
ORD_001072,1,credit_card,1,703.63
ORD_001073,1,credit_card,4,319.45
ORD_001074,1,debit_card,12,588.34
ORD_001075,1,debit_card,6,683.38
ORD_001076,1,credit_card,3,436.8
ORD_001077,1,voucher,1,627.9
ORD_001078,1,boleto,6,1127.3
ORD_001079,1,voucher,10,1019.3
ORD_001080,1,boleto,10,1240.04
ORD_001081,1,boleto,10,2056.5
ORD_001082,1,voucher,5,1091.06
ORD_001083,1,credit_card,1,721.35
ORD_001084,1,debit_card,1,1424.32
ORD_001085,1,boleto,1,13.21
ORD_001086,1,boleto,1,411.2
ORD_001087,1,credit_card,1,626.1
ORD_001088,1,boleto,1,844.26
ORD_001089,1,voucher,5,1354.85
ORD_001090,1,credit_card,4,1105.2
ORD_001091,1,debit_card,1,977.7
ORD_001092,1,voucher,1,345.34
ORD_001093,1,credit_card,12,318.04
ORD_001094,1,credit_card,10,266.0
ORD_001095,1,credit_card,12,1097.87
ORD_001096,1,credit_card,3,1398.38
ORD_001097,1,debit_card,12,33.07
ORD_001098,1,boleto,4,1342.76
ORD_001099,1,debit_card,12,1080.29
ORD_001100,1,credit_card,4,1324.49
ORD_001101,1,voucher,4,1135.84
ORD_001102,1,voucher,12,1736.85
ORD_001103,1,credit_card,1,872.05
ORD_001104,1,credit_card,2,755.62
ORD_001105,1,credit_card,1,1900.69
ORD_001106,1,boleto,3,1715.23
ORD_001107,1,credit_card,1,1458.18
ORD_001108,1,debit_card,3,1313.01
ORD_001109,1,debit_card,12,849.21
ORD_001110,1,debit_card,3,356.86
ORD_001111,1,credit_card,12,486.4
ORD_001112,1,credit_card,1,700.13
ORD_001113,1,debit_card,4,1192.11
ORD_001114,1,credit_card,2,1426.45
ORD_001115,1,voucher,1,350.91
ORD_001116,1,debit_card,3,850.94
ORD_001117,1,debit_card,1,748.14
ORD_001118,1,credit_card,6,573.5
ORD_001119,1,credit_card,6,988.65
ORD_001120,1,credit_card,1,829.55
ORD_001121,1,voucher,2,1332.7
ORD_001122,1,voucher,12,729.05
ORD_001123,1,credit_card,10,1267.38
ORD_001124,1,debit_card,6,569.85
ORD_001125,1,debit_card,1,1584.15
ORD_001126,1,voucher,3,1570.52
ORD_001127,1,debit_card,10,218.26
ORD_001128,1,credit_card,2,380.68
ORD_001129,1,credit_card,1,1256.99
ORD_001130,1,voucher,4,1380.32
ORD_001131,1,credit_card,1,924.51
ORD_001132,1,boleto,6,1293.8
ORD_001133,1,credit_card,5,1447.3
ORD_001134,1,credit_card,1,570.6
ORD_001135,1,boleto,4,1388.81
ORD_001136,1,voucher,1,258.0
ORD_001137,1,credit_card,2,915.56
ORD_001138,1,boleto,6,1231.29
ORD_001139,1,credit_card,5,1213.32
ORD_001140,1,credit_card,1,866.14
ORD_001141,1,credit_card,4,203.98
ORD_001142,1,boleto,2,843.52
ORD_001143,1,credit_card,1,671.28
ORD_001144,1,voucher,4,438.88
ORD_001145,1,boleto,6,621.46
ORD_001146,1,debit_card,1,644.45
ORD_001147,1,credit_card,5,1782.06
ORD_001148,1,boleto,3,873.26
ORD_001149,1,voucher,1,685.07
ORD_001150,1,boleto,1,490.1
ORD_001151,1,debit_card,2,834.2
ORD_001152,1,voucher,2,367.15
ORD_001153,1,boleto,1,1418.49
ORD_001154,1,boleto,4,356.57
ORD_001155,1,voucher,6,143.81
ORD_001156,1,debit_card,3,1148.17
ORD_001157,1,credit_card,1,439.56
ORD_001158,1,credit_card,2,56.94
ORD_001159,1,debit_card,3,130.98
ORD_001160,1,debit_card,2,628.92
ORD_001161,1,credit_card,2,407.81
ORD_001162,1,voucher,3,1155.36
ORD_001163,1,voucher,3,1031.53
ORD_001164,1,credit_card,1,273.24
ORD_001165,1,boleto,3,50.82
ORD_001166,1,credit_card,1,520.76
ORD_001167,1,credit_card,6,115.2
ORD_001168,1,credit_card,1,344.79
ORD_001169,1,debit_card,6,141.74
ORD_001170,1,debit_card,1,900.08
ORD_001171,1,credit_card,3,851.41
ORD_001172,1,boleto,2,1225.08
ORD_001173,1,debit_card,1,838.94
ORD_001174,1,voucher,1,669.96
ORD_001175,1,boleto,4,834.08
ORD_001176,1,credit_card,1,454.81
ORD_001177,1,credit_card,6,496.76
ORD_001178,1,credit_card,4,706.68
ORD_001179,1,voucher,2,836.21
ORD_001180,1,credit_card,12,276.08
ORD_001181,1,voucher,6,481.29
ORD_001182,1,credit_card,3,775.03
ORD_001183,1,voucher,4,514.63
ORD_001184,1,credit_card,2,588.52
ORD_001185,1,credit_card,12,562.21
ORD_001186,1,credit_card,1,706.3
ORD_001187,1,credit_card,4,684.3
ORD_001188,1,credit_card,6,213.99
ORD_001189,1,credit_card,4,561.84
ORD_001190,1,debit_card,10,1109.73
ORD_001191,1,voucher,6,517.83
ORD_001192,1,credit_card,1,577.01
ORD_001193,1,credit_card,2,1304.16
ORD_001194,1,credit_card,1,294.85
ORD_001195,1,voucher,10,839.32
ORD_001196,1,debit_card,10,39.97
ORD_001197,1,credit_card,2,46.89
ORD_001198,1,boleto,1,1366.63
ORD_001199,1,credit_card,4,1423.22
ORD_001200,1,credit_card,4,406.41
ORD_001201,1,credit_card,2,974.32
ORD_001202,1,credit_card,1,166.03
ORD_001203,1,credit_card,1,101.69
ORD_001204,1,debit_card,6,1767.02
ORD_001205,1,credit_card,3,556.4
ORD_001206,1,boleto,4,1746.89
ORD_001207,1,voucher,5,588.8
ORD_001208,1,boleto,6,208.58
ORD_001209,1,boleto,6,536.47
ORD_001210,1,boleto,2,697.41
ORD_001211,1,debit_card,1,957.72
ORD_001212,1,boleto,6,1150.93
ORD_001213,1,boleto,5,814.7
ORD_001214,1,credit_card,1,879.14
ORD_001215,1,credit_card,5,1101.29
ORD_001216,1,credit_card,5,382.21
ORD_001217,1,credit_card,1,80.32
ORD_001218,1,credit_card,1,892.66
ORD_001219,1,voucher,1,223.49
ORD_001220,1,voucher,1,254.11
ORD_001221,1,voucher,5,1419.87
ORD_001222,1,credit_card,1,368.64
ORD_001223,1,debit_card,1,1053.9
ORD_001224,1,credit_card,1,1182.39
ORD_001225,1,debit_card,10,667.17
ORD_001226,1,credit_card,10,705.02
ORD_001227,1,credit_card,2,1090.19
ORD_001228,1,voucher,3,1144.09
ORD_001229,1,credit_card,1,285.0
ORD_001230,1,credit_card,2,1174.18
ORD_001231,1,credit_card,10,1173.46
ORD_001232,1,credit_card,1,857.05
ORD_001233,1,credit_card,4,379.18
ORD_001234,1,credit_card,1,476.46
ORD_001235,1,debit_card,1,506.79
ORD_001236,1,credit_card,6,574.62
ORD_001237,1,voucher,1,1481.47
ORD_001238,1,credit_card,3,468.41
ORD_001239,1,boleto,6,889.4
ORD_001240,1,voucher,2,1289.28
ORD_001241,1,voucher,1,561.06
ORD_001242,1,credit_card,1,874.09
ORD_001243,1,voucher,3,1001.63
ORD_001244,1,debit_card,4,315.17
ORD_001245,1,debit_card,2,246.51
ORD_001246,1,boleto,3,109.86
ORD_001247,1,boleto,1,1448.3
ORD_001248,1,debit_card,12,609.45
ORD_001249,1,boleto,1,728.48
ORD_001250,1,credit_card,3,374.36
ORD_001251,1,debit_card,2,1144.34
ORD_001252,1,credit_card,6,754.97
ORD_001253,1,boleto,4,1270.37
ORD_001254,1,debit_card,3,516.56
ORD_001255,1,debit_card,2,1404.46
ORD_001256,1,voucher,1,226.44
ORD_001257,1,voucher,1,1881.76
ORD_001258,1,credit_card,1,857.07
ORD_001259,1,voucher,6,1096.46
ORD_001260,1,debit_card,5,351.75
ORD_001261,1,credit_card,1,1361.68
ORD_001262,1,voucher,1,524.22
ORD_001263,1,credit_card,4,1521.46
ORD_001264,1,debit_card,2,11.23
ORD_001265,1,debit_card,1,702.54
ORD_001266,1,credit_card,4,142.57
ORD_001267,1,credit_card,5,1633.01
ORD_001268,1,credit_card,6,1013.72
ORD_001269,1,boleto,1,1020.3
ORD_001270,1,credit_card,1,61.27
ORD_001271,1,credit_card,4,1405.54
ORD_001272,1,credit_card,10,1691.41
ORD_001273,1,voucher,4,1468.97
ORD_001274,1,debit_card,10,660.86
ORD_001275,1,credit_card,2,1128.0
ORD_001276,1,debit_card,12,208.94
ORD_001277,1,boleto,1,393.3
ORD_001278,1,credit_card,6,1463.32
ORD_001279,1,credit_card,1,140.48
ORD_001280,1,debit_card,5,670.15
ORD_001281,1,debit_card,5,1077.53
ORD_001282,1,voucher,1,1841.11
ORD_001283,1,boleto,5,861.29
ORD_001284,1,credit_card,3,166.82
ORD_001285,1,credit_card,1,375.81
ORD_001286,1,debit_card,3,1405.94
ORD_001287,1,credit_card,4,622.94
ORD_001288,1,credit_card,1,1346.71
ORD_001289,1,credit_card,1,1131.23
ORD_001290,1,voucher,5,903.32
ORD_001291,1,boleto,1,1193.91
ORD_001292,1,credit_card,3,359.76
ORD_001293,1,voucher,12,39.24
ORD_001294,1,voucher,1,889.02
ORD_001295,1,credit_card,5,404.2
ORD_001296,1,credit_card,12,708.3
ORD_001297,1,credit_card,1,254.81
ORD_001298,1,voucher,2,428.08
ORD_001299,1,credit_card,4,359.53
ORD_001300,1,debit_card,2,1201.09
ORD_001301,1,credit_card,4,1208.63
ORD_001302,1,credit_card,1,733.22
ORD_001303,1,credit_card,2,982.62
ORD_001304,1,credit_card,6,377.54
ORD_001305,1,credit_card,4,421.86
ORD_001306,1,credit_card,6,124.65
ORD_001307,1,debit_card,3,569.19
ORD_001308,1,debit_card,3,350.55
ORD_001309,1,boleto,4,1665.21
ORD_001310,1,credit_card,4,1058.31
ORD_001311,1,credit_card,5,1201.4
ORD_001312,1,boleto,2,1024.87
ORD_001313,1,credit_card,10,815.49
ORD_001314,1,debit_card,1,1097.92
ORD_001315,1,boleto,2,973.09
ORD_001316,1,voucher,5,1119.47
ORD_001317,1,credit_card,4,982.09
ORD_001318,1,credit_card,6,1114.27
ORD_001319,1,credit_card,3,1372.3
ORD_001320,1,debit_card,1,158.23
ORD_001321,1,credit_card,1,1166.94
ORD_001322,1,boleto,5,825.55
ORD_001323,1,boleto,1,931.75
ORD_001324,1,voucher,2,886.9
ORD_001325,1,debit_card,6,483.52
ORD_001326,1,debit_card,4,1544.73
ORD_001327,1,credit_card,5,1125.92
ORD_001328,1,boleto,2,1202.93
ORD_001329,1,credit_card,3,773.72
ORD_001330,1,credit_card,1,11.11
ORD_001331,1,credit_card,6,963.76
ORD_001332,1,credit_card,4,823.09
ORD_001333,1,voucher,5,1066.5
ORD_001334,1,debit_card,2,1636.33
ORD_001335,1,credit_card,1,106.0
ORD_001336,1,credit_card,10,1127.05
ORD_001337,1,credit_card,1,932.15
ORD_001338,1,voucher,4,696.32
ORD_001339,1,credit_card,1,469.04
ORD_001340,1,credit_card,1,759.09
ORD_001341,1,boleto,3,456.04
ORD_001342,1,boleto,6,120.95
ORD_001343,1,debit_card,1,260.52
ORD_001344,1,debit_card,3,756.91
ORD_001345,1,debit_card,6,739.08
ORD_001346,1,credit_card,3,1455.38
ORD_001347,1,debit_card,1,823.19
ORD_001348,1,voucher,1,722.71
ORD_001349,1,boleto,5,1073.58
ORD_001350,1,voucher,2,1315.36
ORD_001351,1,voucher,1,1313.89
ORD_001352,1,debit_card,12,348.58
ORD_001353,1,credit_card,10,1401.34
ORD_001354,1,voucher,3,1313.0
ORD_001355,1,boleto,4,350.49
ORD_001356,1,credit_card,12,1065.4
ORD_001357,1,credit_card,1,213.27
ORD_001358,1,boleto,1,46.79
ORD_001359,1,boleto,10,766.08
ORD_001360,1,boleto,3,766.44
ORD_001361,1,credit_card,3,714.61
ORD_001362,1,credit_card,1,1444.93
ORD_001363,1,debit_card,10,517.93
ORD_001364,1,credit_card,2,1376.46
ORD_001365,1,boleto,10,1315.08
ORD_001366,1,credit_card,5,1321.58
ORD_001367,1,boleto,3,269.13
ORD_001368,1,boleto,1,666.62
ORD_001369,1,credit_card,6,599.99
ORD_001370,1,credit_card,3,323.47
ORD_001371,1,credit_card,3,914.91
ORD_001372,1,voucher,1,848.44
ORD_001373,1,boleto,12,895.02
ORD_001374,1,boleto,1,870.23
ORD_001375,1,boleto,4,849.64
ORD_001376,1,voucher,3,1321.57
ORD_001377,1,credit_card,1,1607.86
ORD_001378,1,debit_card,1,1124.1
ORD_001379,1,credit_card,3,801.06
ORD_001380,1,credit_card,4,931.42
ORD_001381,1,debit_card,1,70.43
ORD_001382,1,voucher,2,257.26
ORD_001383,1,boleto,1,957.27
ORD_001384,1,voucher,6,10.77
ORD_001385,1,voucher,4,1180.1
ORD_001386,1,boleto,12,421.05
ORD_001387,1,debit_card,12,852.34
ORD_001388,1,debit_card,3,314.8
ORD_001389,1,debit_card,12,1809.83
ORD_001390,1,credit_card,5,878.3
ORD_001391,1,credit_card,12,1109.5
ORD_001392,1,voucher,4,803.87
ORD_001393,1,voucher,6,53.2
ORD_001394,1,voucher,1,1527.85
ORD_001395,1,credit_card,1,108.42
ORD_001396,1,credit_card,1,342.62
ORD_001397,1,credit_card,3,436.36
ORD_001398,1,credit_card,12,62.97
ORD_001399,1,debit_card,12,1401.15
ORD_001400,1,boleto,5,646.09
ORD_001401,1,credit_card,1,1123.92
ORD_001402,1,credit_card,5,976.42
ORD_001403,1,credit_card,2,1246.31
ORD_001404,1,credit_card,1,469.48
ORD_001405,1,voucher,4,576.18
ORD_001406,1,credit_card,1,868.79
ORD_001407,1,credit_card,2,580.51
ORD_001408,1,voucher,1,1449.03
ORD_001409,1,voucher,4,930.97
ORD_001410,1,credit_card,5,367.3
ORD_001411,1,boleto,6,711.84
ORD_001412,1,credit_card,1,304.14
ORD_001413,1,boleto,1,378.26
ORD_001414,1,credit_card,3,551.96
ORD_001415,1,boleto,12,1373.47
ORD_001416,1,credit_card,1,665.03
ORD_001417,1,voucher,1,1426.76
ORD_001418,1,boleto,10,851.01
ORD_001419,1,voucher,6,396.42
ORD_001420,1,credit_card,2,671.86
ORD_001421,1,debit_card,6,585.57
ORD_001422,1,debit_card,1,353.29
ORD_001423,1,boleto,5,854.8
ORD_001424,1,credit_card,3,1222.98
ORD_001425,1,voucher,5,1059.59
ORD_001426,1,debit_card,3,247.52
ORD_001427,1,boleto,1,254.94
ORD_001428,1,debit_card,1,1312.95
ORD_001429,1,boleto,3,791.28
ORD_001430,1,credit_card,6,76.5
ORD_001431,1,credit_card,1,229.73
ORD_001432,1,credit_card,3,447.1
ORD_001433,1,debit_card,1,1048.54
ORD_001434,1,boleto,10,374.23
ORD_001435,1,credit_card,6,1205.54
ORD_001436,1,debit_card,1,441.08
ORD_001437,1,boleto,2,1131.98
ORD_001438,1,credit_card,10,294.13
ORD_001439,1,credit_card,1,704.78
ORD_001440,1,debit_card,10,280.48
ORD_001441,1,boleto,4,1711.74
ORD_001442,1,credit_card,12,550.18
ORD_001443,1,voucher,5,389.22
ORD_001444,1,debit_card,1,1607.97
ORD_001445,1,debit_card,2,291.92
ORD_001446,1,credit_card,2,1335.28
ORD_001447,1,voucher,3,1037.3
ORD_001448,1,boleto,1,372.61
ORD_001449,1,boleto,2,655.27
ORD_001450,1,debit_card,10,946.85
ORD_001451,1,credit_card,1,714.67
ORD_001452,1,credit_card,1,1451.42
ORD_001453,1,credit_card,5,386.08
ORD_001454,1,credit_card,1,148.38
ORD_001455,1,debit_card,3,710.44
ORD_001456,1,credit_card,2,143.85
ORD_001457,1,boleto,4,961.26
ORD_001458,1,voucher,3,1128.5
ORD_001459,1,boleto,5,452.78
ORD_001460,1,credit_card,1,1632.61
ORD_001461,1,boleto,12,1141.53
ORD_001462,1,voucher,1,390.75
ORD_001463,1,credit_card,6,948.03
ORD_001464,1,credit_card,3,1033.17
ORD_001465,1,voucher,1,886.98
ORD_001466,1,credit_card,2,389.7
ORD_001467,1,voucher,5,1073.44
ORD_001468,1,credit_card,2,1033.47
ORD_001469,1,credit_card,3,47.92
ORD_001470,1,credit_card,1,1649.59
ORD_001471,1,credit_card,2,1334.58
ORD_001472,1,credit_card,10,824.38
ORD_001473,1,voucher,12,465.46
ORD_001474,1,debit_card,10,937.02
ORD_001475,1,credit_card,1,584.26
ORD_001476,1,voucher,1,1202.92
ORD_001477,1,debit_card,4,850.47
ORD_001478,1,credit_card,6,107.95
ORD_001479,1,debit_card,1,772.53
ORD_001480,1,credit_card,5,783.18
ORD_001481,1,boleto,10,1211.17
ORD_001482,1,credit_card,4,191.87
ORD_001483,1,credit_card,10,405.08
ORD_001484,1,boleto,1,616.17
ORD_001485,1,credit_card,2,1060.5
ORD_001486,1,credit_card,6,1129.95
ORD_001487,1,voucher,2,227.4
ORD_001488,1,voucher,10,433.16
ORD_001489,1,credit_card,1,442.64
ORD_001490,1,credit_card,5,328.62
ORD_001491,1,credit_card,5,114.48
ORD_001492,1,credit_card,3,415.84
ORD_001493,1,debit_card,5,256.35
ORD_001494,1,boleto,4,465.64
ORD_001495,1,boleto,2,992.28
ORD_001496,1,credit_card,12,496.57
ORD_001497,1,credit_card,1,700.26
ORD_001498,1,debit_card,4,535.38
ORD_001499,1,boleto,1,620.77
ORD_001500,1,credit_card,3,490.4
ORD_001501,1,boleto,12,340.41
ORD_001502,1,voucher,2,338.92
ORD_001503,1,voucher,1,1124.87
ORD_001504,1,credit_card,1,961.44
ORD_001505,1,credit_card,1,204.94
ORD_001506,1,voucher,5,1187.95
ORD_001507,1,boleto,6,355.52
ORD_001508,1,debit_card,6,54.29
ORD_001509,1,voucher,12,1166.35
ORD_001510,1,credit_card,1,53.62
ORD_001511,1,voucher,1,305.31
ORD_001512,1,credit_card,1,382.49
ORD_001513,1,voucher,1,549.82
ORD_001514,1,debit_card,5,658.6
ORD_001515,1,credit_card,1,856.69
ORD_001516,1,credit_card,3,1213.01
ORD_001517,1,voucher,1,1207.34
ORD_001518,1,credit_card,2,94.11
ORD_001519,1,debit_card,4,1192.4
ORD_001520,1,debit_card,3,443.4
ORD_001521,1,voucher,5,522.51
ORD_001522,1,boleto,2,228.72
ORD_001523,1,voucher,1,1129.88
ORD_001524,1,credit_card,12,1032.81
ORD_001525,1,voucher,2,1534.55
ORD_001526,1,voucher,5,550.87
ORD_001527,1,voucher,10,343.72
ORD_001528,1,debit_card,1,691.75
ORD_001529,1,credit_card,3,512.12
ORD_001530,1,credit_card,2,709.39
ORD_001531,1,credit_card,3,802.13
ORD_001532,1,credit_card,4,775.71
ORD_001533,1,credit_card,5,278.88
ORD_001534,1,credit_card,3,1600.61
ORD_001535,1,voucher,3,1102.2
ORD_001536,1,credit_card,1,254.22
ORD_001537,1,debit_card,10,1017.03
ORD_001538,1,credit_card,3,29.7
ORD_001539,1,credit_card,5,134.89
ORD_001540,1,credit_card,1,1220.51
ORD_001541,1,credit_card,6,1287.07
ORD_001542,1,debit_card,1,44.87
ORD_001543,1,credit_card,5,582.6
ORD_001544,1,credit_card,1,872.23
ORD_001545,1,credit_card,12,1226.09
ORD_001546,1,credit_card,1,1137.06
ORD_001547,1,voucher,5,982.63
ORD_001548,1,credit_card,1,942.94
ORD_001549,1,debit_card,10,1051.14
ORD_001550,1,credit_card,5,1612.96
ORD_001551,1,voucher,1,1507.03
ORD_001552,1,voucher,1,190.58
ORD_001553,1,credit_card,1,1240.23
ORD_001554,1,voucher,2,791.07
ORD_001555,1,credit_card,10,644.13
ORD_001556,1,voucher,1,1056.57
ORD_001557,1,credit_card,4,1090.57
ORD_001558,1,credit_card,3,1048.72
ORD_001559,1,boleto,4,937.49
ORD_001560,1,voucher,3,414.17
ORD_001561,1,debit_card,4,538.2
ORD_001562,1,credit_card,1,604.51
ORD_001563,1,voucher,10,906.98
ORD_001564,1,voucher,6,718.49
ORD_001565,1,voucher,4,600.33
ORD_001566,1,credit_card,10,420.02
ORD_001567,1,credit_card,6,507.4
ORD_001568,1,debit_card,1,264.12
ORD_001569,1,debit_card,1,992.12
ORD_001570,1,voucher,3,759.93
ORD_001571,1,debit_card,5,412.73
ORD_001572,1,debit_card,3,576.94
ORD_001573,1,credit_card,1,191.32
ORD_001574,1,debit_card,1,260.47
ORD_001575,1,credit_card,4,1270.16
ORD_001576,1,voucher,1,1371.01
ORD_001577,1,voucher,4,1186.53
ORD_001578,1,debit_card,4,662.04
ORD_001579,1,boleto,10,462.13
ORD_001580,1,credit_card,6,1548.88
ORD_001581,1,debit_card,1,702.51
ORD_001582,1,debit_card,1,1454.91
ORD_001583,1,voucher,2,1079.12
ORD_001584,1,voucher,5,920.72
ORD_001585,1,credit_card,1,224.74
ORD_001586,1,credit_card,1,1237.71
ORD_001587,1,voucher,5,31.6
ORD_001588,1,debit_card,6,1014.01
ORD_001589,1,debit_card,2,168.0
ORD_001590,1,credit_card,1,1649.5
ORD_001591,1,debit_card,3,1137.78
ORD_001592,1,debit_card,1,775.03
ORD_001593,1,boleto,3,1566.13
ORD_001594,1,debit_card,3,1316.11
ORD_001595,1,credit_card,2,780.25
ORD_001596,1,debit_card,3,1944.01
ORD_001597,1,credit_card,3,18.99
ORD_001598,1,credit_card,1,1519.93
ORD_001599,1,credit_card,2,163.77
ORD_001600,1,credit_card,1,696.01
ORD_001601,1,debit_card,4,442.95
ORD_001602,1,voucher,3,446.67
ORD_001603,1,credit_card,5,444.37
ORD_001604,1,credit_card,3,611.75
ORD_001605,1,debit_card,4,528.82
ORD_001606,1,boleto,1,458.84
ORD_001607,1,credit_card,1,826.26
ORD_001608,1,boleto,3,1081.78
ORD_001609,1,credit_card,10,701.86
ORD_001610,1,credit_card,12,200.79
ORD_001611,1,voucher,10,816.6
ORD_001612,1,debit_card,1,415.16
ORD_001613,1,credit_card,3,279.79
ORD_001614,1,boleto,2,1318.82
ORD_001615,1,debit_card,3,378.71
ORD_001616,1,credit_card,5,872.92
ORD_001617,1,credit_card,6,1247.74
ORD_001618,1,debit_card,4,379.65
ORD_001619,1,credit_card,5,187.35
ORD_001620,1,boleto,10,1439.37
ORD_001621,1,debit_card,2,428.22
ORD_001622,1,voucher,2,1424.04
ORD_001623,1,credit_card,3,979.51
ORD_001624,1,credit_card,1,375.46
ORD_001625,1,debit_card,6,497.95
ORD_001626,1,credit_card,6,897.75
ORD_001627,1,credit_card,12,711.06
ORD_001628,1,boleto,1,1019.17
ORD_001629,1,credit_card,3,1399.75
ORD_001630,1,credit_card,4,1124.53
ORD_001631,1,credit_card,10,808.84
ORD_001632,1,credit_card,1,61.06
ORD_001633,1,credit_card,4,770.13
ORD_001634,1,credit_card,3,1294.64
ORD_001635,1,boleto,1,1559.55
ORD_001636,1,debit_card,2,202.19
ORD_001637,1,credit_card,2,883.87
ORD_001638,1,credit_card,12,745.48
ORD_001639,1,boleto,2,1103.44
ORD_001640,1,debit_card,2,10.46
ORD_001641,1,debit_card,4,142.17
ORD_001642,1,voucher,1,1087.43
ORD_001643,1,voucher,4,484.87
ORD_001644,1,credit_card,2,1135.76
ORD_001645,1,credit_card,1,477.07
ORD_001646,1,credit_card,2,504.41
ORD_001647,1,credit_card,1,73.44
ORD_001648,1,credit_card,10,590.65
ORD_001649,1,voucher,4,1177.29
ORD_001650,1,debit_card,2,149.25
ORD_001651,1,boleto,2,240.09
ORD_001652,1,debit_card,10,374.26
ORD_001653,1,credit_card,2,940.23
ORD_001654,1,debit_card,1,44.85
ORD_001655,1,credit_card,5,1193.96
ORD_001656,1,voucher,1,48.58
ORD_001657,1,credit_card,2,1066.61
ORD_001658,1,voucher,2,171.56
ORD_001659,1,debit_card,1,552.94
ORD_001660,1,credit_card,6,357.89
ORD_001661,1,voucher,3,1259.88
ORD_001662,1,boleto,5,809.8
ORD_001663,1,credit_card,5,905.93
ORD_001664,1,boleto,3,533.15
ORD_001665,1,boleto,1,945.64
ORD_001666,1,boleto,5,254.37
ORD_001667,1,credit_card,2,1746.03
ORD_001668,1,credit_card,2,813.79
ORD_001669,1,debit_card,5,544.67
ORD_001670,1,credit_card,4,859.56
ORD_001671,1,debit_card,4,194.05
ORD_001672,1,boleto,3,1229.75
ORD_001673,1,credit_card,10,1032.66
ORD_001674,1,credit_card,4,1102.56
ORD_001675,1,credit_card,1,143.33
ORD_001676,1,voucher,12,330.48
ORD_001677,1,credit_card,6,1061.83
ORD_001678,1,credit_card,3,684.01
ORD_001679,1,credit_card,2,1159.62
ORD_001680,1,credit_card,1,903.08
ORD_001681,1,debit_card,10,204.68
ORD_001682,1,boleto,5,1023.38
ORD_001683,1,credit_card,1,1226.39
ORD_001684,1,credit_card,2,1054.92
ORD_001685,1,voucher,1,1530.35
ORD_001686,1,credit_card,6,594.72
ORD_001687,1,credit_card,1,88.1
ORD_001688,1,credit_card,6,885.58
ORD_001689,1,boleto,5,301.76
ORD_001690,1,voucher,5,168.98
ORD_001691,1,credit_card,3,301.13
ORD_001692,1,boleto,4,665.22
ORD_001693,1,credit_card,4,1453.81
ORD_001694,1,debit_card,3,1294.52
ORD_001695,1,voucher,2,1100.72
ORD_001696,1,credit_card,1,106.68
ORD_001697,1,credit_card,2,1325.0
ORD_001698,1,credit_card,6,609.99
ORD_001699,1,voucher,1,1304.05
ORD_001700,1,credit_card,3,1192.97
ORD_001701,1,credit_card,12,181.22
ORD_001702,1,credit_card,2,1395.57
ORD_001703,1,credit_card,1,698.52
ORD_001704,1,voucher,1,1096.57
ORD_001705,1,debit_card,12,321.6
ORD_001706,1,voucher,6,385.82
ORD_001707,1,boleto,10,776.74
ORD_001708,1,voucher,3,1250.72
ORD_001709,1,boleto,3,784.51
ORD_001710,1,credit_card,1,1411.49
ORD_001711,1,credit_card,2,1698.48
ORD_001712,1,voucher,1,979.98
ORD_001713,1,credit_card,4,620.0
ORD_001714,1,boleto,3,1568.11
ORD_001715,1,credit_card,6,1222.2
ORD_001716,1,boleto,3,261.11
ORD_001717,1,credit_card,1,753.03
ORD_001718,1,debit_card,1,429.35
ORD_001719,1,credit_card,3,61.35
ORD_001720,1,voucher,3,992.25
ORD_001721,1,credit_card,2,1108.2
ORD_001722,1,credit_card,1,1376.74
ORD_001723,1,voucher,6,1052.61
ORD_001724,1,boleto,6,930.49
ORD_001725,1,credit_card,1,768.88
ORD_001726,1,voucher,12,416.95
ORD_001727,1,credit_card,10,636.5
ORD_001728,1,debit_card,5,674.7
ORD_001729,1,credit_card,1,1054.2
ORD_001730,1,debit_card,5,839.78
ORD_001731,1,boleto,5,466.35
ORD_001732,1,credit_card,2,427.31
ORD_001733,1,debit_card,1,460.38
ORD_001734,1,credit_card,1,764.5
ORD_001735,1,voucher,2,657.57
ORD_001736,1,voucher,1,642.1
ORD_001737,1,boleto,6,241.54
ORD_001738,1,credit_card,4,446.68
ORD_001739,1,credit_card,2,906.99
ORD_001740,1,credit_card,3,717.55
ORD_001741,1,credit_card,6,92.03
ORD_001742,1,credit_card,2,728.8
ORD_001743,1,voucher,2,647.15
ORD_001744,1,boleto,12,90.18
ORD_001745,1,credit_card,1,744.6
ORD_001746,1,voucher,10,1224.58
ORD_001747,1,credit_card,3,1193.3
ORD_001748,1,voucher,1,766.65
ORD_001749,1,debit_card,4,1224.15
ORD_001750,1,boleto,3,736.35
ORD_001751,1,credit_card,1,1238.24
ORD_001752,1,boleto,1,433.22
ORD_001753,1,voucher,3,298.25
ORD_001754,1,credit_card,1,384.75
ORD_001755,1,credit_card,2,345.76
ORD_001756,1,credit_card,10,264.0
ORD_001757,1,boleto,6,547.74
ORD_001758,1,voucher,1,622.36
ORD_001759,1,boleto,3,136.64
ORD_001760,1,credit_card,4,770.67
ORD_001761,1,credit_card,1,236.02
ORD_001762,1,voucher,1,506.01
ORD_001763,1,debit_card,2,599.66
ORD_001764,1,boleto,3,266.11
ORD_001765,1,boleto,1,441.58
ORD_001766,1,credit_card,1,1069.86
ORD_001767,1,debit_card,1,496.54
ORD_001768,1,credit_card,5,593.32
ORD_001769,1,credit_card,2,686.91
ORD_001770,1,boleto,10,422.47
ORD_001771,1,credit_card,3,253.41
ORD_001772,1,voucher,10,738.08
ORD_001773,1,credit_card,12,237.89
ORD_001774,1,credit_card,1,483.12
ORD_001775,1,credit_card,1,495.38
ORD_001776,1,voucher,6,1132.5
ORD_001777,1,boleto,3,61.54
ORD_001778,1,debit_card,3,637.93
ORD_001779,1,boleto,3,790.87
ORD_001780,1,credit_card,2,794.24
ORD_001781,1,debit_card,1,559.06
ORD_001782,1,boleto,2,680.51
ORD_001783,1,boleto,10,1519.08
ORD_001784,1,debit_card,4,127.77
ORD_001785,1,debit_card,1,1337.9
ORD_001786,1,credit_card,3,1050.04
ORD_001787,1,debit_card,3,390.58
ORD_001788,1,credit_card,4,1188.15
ORD_001789,1,voucher,2,1207.1
ORD_001790,1,voucher,1,957.46
ORD_001791,1,boleto,6,20.21
ORD_001792,1,debit_card,3,680.74
ORD_001793,1,debit_card,1,385.51
ORD_001794,1,voucher,3,812.3
ORD_001795,1,debit_card,10,666.02
ORD_001796,1,credit_card,4,1442.38
ORD_001797,1,voucher,3,870.1
ORD_001798,1,credit_card,3,1299.36
ORD_001799,1,voucher,10,355.38
ORD_001800,1,credit_card,1,854.07
ORD_001801,1,credit_card,6,779.69
ORD_001802,1,credit_card,10,515.65
ORD_001803,1,credit_card,2,157.08
ORD_001804,1,debit_card,1,131.15
ORD_001805,1,credit_card,5,437.32
ORD_001806,1,voucher,4,400.94
ORD_001807,1,voucher,1,1535.06
ORD_001808,1,boleto,2,560.8
ORD_001809,1,credit_card,3,1191.85
ORD_001810,1,boleto,10,672.08
ORD_001811,1,credit_card,4,949.23
ORD_001812,1,credit_card,5,566.31
ORD_001813,1,voucher,1,1498.16
ORD_001814,1,credit_card,10,93.01
ORD_001815,1,credit_card,1,405.01
ORD_001816,1,boleto,4,1054.32
ORD_001817,1,debit_card,5,1643.65
ORD_001818,1,credit_card,6,1001.99
ORD_001819,1,debit_card,3,634.09
ORD_001820,1,credit_card,6,807.33
ORD_001821,1,credit_card,5,221.02
ORD_001822,1,credit_card,3,1878.58
ORD_001823,1,credit_card,3,596.18
ORD_001824,1,credit_card,1,337.19
ORD_001825,1,debit_card,3,362.45
ORD_001826,1,credit_card,5,380.69
ORD_001827,1,credit_card,2,253.29
ORD_001828,1,credit_card,4,479.42
ORD_001829,1,credit_card,12,188.51
ORD_001830,1,credit_card,6,952.12
ORD_001831,1,debit_card,1,638.62
ORD_001832,1,credit_card,4,1691.14
ORD_001833,1,credit_card,5,956.34
ORD_001834,1,boleto,10,567.24
ORD_001835,1,credit_card,6,1087.0
ORD_001836,1,debit_card,4,112.0
ORD_001837,1,debit_card,1,426.93
ORD_001838,1,credit_card,6,1349.67
ORD_001839,1,debit_card,5,858.22
ORD_001840,1,boleto,2,876.3
ORD_001841,1,credit_card,2,1045.25
ORD_001842,1,credit_card,3,40.04
ORD_001843,1,boleto,1,546.76
ORD_001844,1,credit_card,2,1381.51
ORD_001845,1,credit_card,1,734.32
ORD_001846,1,credit_card,1,1119.04
ORD_001847,1,credit_card,1,914.4
ORD_001848,1,voucher,5,993.26
ORD_001849,1,credit_card,3,737.17
ORD_001850,1,credit_card,2,393.56
ORD_001851,1,credit_card,1,713.89
ORD_001852,1,boleto,1,399.35
ORD_001853,1,credit_card,4,61.79
ORD_001854,1,voucher,1,499.63
ORD_001855,1,voucher,1,467.55
ORD_001856,1,boleto,6,468.64
ORD_001857,1,credit_card,3,1057.27
ORD_001858,1,debit_card,1,1613.89
ORD_001859,1,debit_card,2,1302.02
ORD_001860,1,credit_card,4,1332.62
ORD_001861,1,credit_card,12,370.2
ORD_001862,1,credit_card,3,1013.38
ORD_001863,1,credit_card,3,707.79
ORD_001864,1,credit_card,2,920.25
ORD_001865,1,debit_card,2,670.54
ORD_001866,1,credit_card,1,1344.74
ORD_001867,1,voucher,1,1956.84
ORD_001868,1,credit_card,5,42.6
ORD_001869,1,credit_card,4,842.76
ORD_001870,1,voucher,1,163.08
ORD_001871,1,credit_card,3,739.54
ORD_001872,1,boleto,1,345.14
ORD_001873,1,credit_card,6,405.39
ORD_001874,1,credit_card,3,871.45
ORD_001875,1,boleto,4,258.16
ORD_001876,1,credit_card,1,712.1
ORD_001877,1,boleto,3,864.72
ORD_001878,1,boleto,1,1243.45
ORD_001879,1,credit_card,1,622.06
ORD_001880,1,credit_card,2,294.01
ORD_001881,1,credit_card,12,260.61
ORD_001882,1,credit_card,3,898.57
ORD_001883,1,credit_card,1,439.98
ORD_001884,1,voucher,1,1563.22
ORD_001885,1,voucher,6,474.67
ORD_001886,1,credit_card,5,412.2
ORD_001887,1,credit_card,1,1225.57
ORD_001888,1,credit_card,1,914.03
ORD_001889,1,voucher,1,633.77
ORD_001890,1,credit_card,1,1555.74
ORD_001891,1,debit_card,1,691.35
ORD_001892,1,credit_card,4,100.09
ORD_001893,1,debit_card,10,1430.16
ORD_001894,1,debit_card,2,1170.78
ORD_001895,1,credit_card,10,1187.82
ORD_001896,1,boleto,12,1504.38
ORD_001897,1,credit_card,1,1685.2
ORD_001898,1,credit_card,1,296.96
ORD_001899,1,debit_card,5,1074.24
ORD_001900,1,credit_card,1,957.26
ORD_001901,1,credit_card,1,523.11
ORD_001902,1,debit_card,3,192.22
ORD_001903,1,voucher,2,966.87
ORD_001904,1,credit_card,1,1316.9
ORD_001905,1,debit_card,1,553.33
ORD_001906,1,voucher,3,1028.46
ORD_001907,1,voucher,1,1440.56
ORD_001908,1,voucher,5,878.95
ORD_001909,1,credit_card,3,790.77
ORD_001910,1,credit_card,10,231.0
ORD_001911,1,credit_card,4,1205.15
ORD_001912,1,debit_card,5,887.86
ORD_001913,1,voucher,4,231.85
ORD_001914,1,debit_card,5,974.69
ORD_001915,1,boleto,6,528.25
ORD_001916,1,debit_card,10,478.72
ORD_001917,1,boleto,6,378.02
ORD_001918,1,credit_card,2,412.75
ORD_001919,1,debit_card,4,937.19
ORD_001920,1,voucher,6,382.41
ORD_001921,1,credit_card,6,657.63
ORD_001922,1,credit_card,1,757.37
ORD_001923,1,credit_card,6,604.27
ORD_001924,1,boleto,5,688.77
ORD_001925,1,credit_card,4,819.03
ORD_001926,1,credit_card,1,1688.86
ORD_001927,1,credit_card,1,239.97
ORD_001928,1,credit_card,10,667.74
ORD_001929,1,debit_card,4,204.97
ORD_001930,1,credit_card,3,353.56
ORD_001931,1,voucher,2,249.69
ORD_001932,1,credit_card,2,462.67
ORD_001933,1,credit_card,4,1052.38
ORD_001934,1,debit_card,4,1389.83
ORD_001935,1,voucher,3,465.04
ORD_001936,1,boleto,1,673.45
ORD_001937,1,credit_card,1,890.71
ORD_001938,1,voucher,1,96.53
ORD_001939,1,credit_card,4,290.54
ORD_001940,1,credit_card,4,462.98
ORD_001941,1,voucher,2,345.01
ORD_001942,1,credit_card,5,1024.03
ORD_001943,1,voucher,1,913.3
ORD_001944,1,credit_card,2,356.54
ORD_001945,1,voucher,2,1512.05
ORD_001946,1,voucher,3,411.19
ORD_001947,1,boleto,1,493.95
ORD_001948,1,credit_card,2,210.0
ORD_001949,1,credit_card,10,1584.24
ORD_001950,1,debit_card,3,379.12
ORD_001951,1,credit_card,2,114.26
ORD_001952,1,credit_card,5,819.24
ORD_001953,1,credit_card,1,658.71
ORD_001954,1,boleto,12,76.25
ORD_001955,1,credit_card,1,587.28
ORD_001956,1,voucher,1,779.46
ORD_001957,1,voucher,1,1435.47
ORD_001958,1,credit_card,3,387.68
ORD_001959,1,credit_card,3,740.74
ORD_001960,1,debit_card,1,342.11
ORD_001961,1,debit_card,2,1436.33
ORD_001962,1,debit_card,3,370.21
ORD_001963,1,credit_card,6,576.44
ORD_001964,1,credit_card,3,891.73
ORD_001965,1,credit_card,5,370.34
ORD_001966,1,credit_card,6,514.33
ORD_001967,1,credit_card,3,1088.65
ORD_001968,1,credit_card,1,507.33
ORD_001969,1,boleto,1,1185.18
ORD_001970,1,boleto,5,1416.06
ORD_001971,1,debit_card,6,103.59
ORD_001972,1,credit_card,4,138.29
ORD_001973,1,credit_card,4,784.8
ORD_001974,1,boleto,2,1081.48
ORD_001975,1,credit_card,5,1268.53
ORD_001976,1,debit_card,1,327.82
ORD_001977,1,credit_card,1,278.72
ORD_001978,1,credit_card,4,1435.56
ORD_001979,1,credit_card,2,321.49
ORD_001980,1,voucher,2,655.18
ORD_001981,1,debit_card,5,223.37
ORD_001982,1,boleto,1,397.2
ORD_001983,1,credit_card,3,892.83
ORD_001984,1,credit_card,10,1786.05
ORD_001985,1,voucher,2,456.99
ORD_001986,1,debit_card,2,249.64
ORD_001987,1,voucher,5,608.63
ORD_001988,1,boleto,1,1211.71
ORD_001989,1,credit_card,1,506.84
ORD_001990,1,debit_card,1,1294.6
ORD_001991,1,credit_card,3,1135.64
ORD_001992,1,credit_card,6,1012.68
ORD_001993,1,credit_card,1,602.6
ORD_001994,1,debit_card,1,461.41
ORD_001995,1,credit_card,1,1026.99
ORD_001996,1,voucher,1,363.73
ORD_001997,1,debit_card,1,279.76
ORD_001998,1,debit_card,3,756.6
ORD_001999,1,credit_card,4,1426.71
ORD_002000,1,voucher,1,638.49
ORD_002001,1,credit_card,1,868.95
ORD_002002,1,voucher,3,391.58
ORD_002003,1,voucher,1,378.85
ORD_002004,1,credit_card,2,266.8
ORD_002005,1,debit_card,2,948.71
ORD_002006,1,credit_card,1,791.62
ORD_002007,1,credit_card,1,1273.0
ORD_002008,1,credit_card,2,521.37
ORD_002009,1,voucher,2,541.05
ORD_002010,1,credit_card,4,913.01
ORD_002011,1,boleto,1,655.15
ORD_002012,1,voucher,5,1126.28
ORD_002013,1,debit_card,1,1655.96
ORD_002014,1,credit_card,5,1402.61
ORD_002015,1,credit_card,1,1603.23
ORD_002016,1,voucher,5,1032.68
ORD_002017,1,credit_card,4,572.3
ORD_002018,1,voucher,6,898.69
ORD_002019,1,debit_card,12,1801.14
ORD_002020,1,credit_card,5,762.87
ORD_002021,1,credit_card,5,1277.98
ORD_002022,1,credit_card,3,1268.99
ORD_002023,1,credit_card,2,538.63
ORD_002024,1,credit_card,10,352.07
ORD_002025,1,debit_card,1,1177.96
ORD_002026,1,credit_card,1,567.15
ORD_002027,1,voucher,6,1088.88
ORD_002028,1,credit_card,3,1380.78
ORD_002029,1,debit_card,10,1289.42
ORD_002030,1,credit_card,1,1564.62
ORD_002031,1,credit_card,10,491.65
ORD_002032,1,credit_card,6,1457.83
ORD_002033,1,voucher,1,1024.89
ORD_002034,1,voucher,3,682.93
ORD_002035,1,boleto,3,62.63
ORD_002036,1,credit_card,12,635.31
ORD_002037,1,debit_card,1,542.07
ORD_002038,1,boleto,6,399.25
ORD_002039,1,credit_card,5,1241.93
ORD_002040,1,debit_card,6,751.02
ORD_002041,1,voucher,6,647.81
ORD_002042,1,debit_card,2,1079.04
ORD_002043,1,credit_card,12,1085.03
ORD_002044,1,debit_card,12,323.12
ORD_002045,1,boleto,4,1149.68
ORD_002046,1,credit_card,5,28.23
ORD_002047,1,credit_card,10,846.28
ORD_002048,1,credit_card,3,1334.74
ORD_002049,1,credit_card,3,658.08
ORD_002050,1,voucher,1,929.49
ORD_002051,1,voucher,12,90.7
ORD_002052,1,credit_card,6,294.05
ORD_002053,1,credit_card,2,697.85
ORD_002054,1,debit_card,1,1206.25
ORD_002055,1,credit_card,3,189.93
ORD_002056,1,credit_card,2,776.39
ORD_002057,1,credit_card,12,1064.37
ORD_002058,1,boleto,2,1422.73
ORD_002059,1,credit_card,2,436.99
ORD_002060,1,voucher,2,405.27
ORD_002061,1,credit_card,2,601.11
ORD_002062,1,voucher,1,235.57
ORD_002063,1,voucher,1,720.46
ORD_002064,1,credit_card,6,1750.37
ORD_002065,1,credit_card,2,849.44
ORD_002066,1,boleto,1,1750.74
ORD_002067,1,credit_card,6,625.92
ORD_002068,1,voucher,3,1632.38
ORD_002069,1,credit_card,2,746.77
ORD_002070,1,debit_card,5,1117.28
ORD_002071,1,credit_card,1,184.92
ORD_002072,1,boleto,1,136.5
ORD_002073,1,boleto,12,414.4
ORD_002074,1,credit_card,12,902.93
ORD_002075,1,credit_card,4,1460.47
ORD_002076,1,credit_card,4,1074.62
ORD_002077,1,debit_card,5,652.67
ORD_002078,1,credit_card,2,1085.19
ORD_002079,1,boleto,2,339.61
ORD_002080,1,credit_card,6,176.82
ORD_002081,1,voucher,5,236.05
ORD_002082,1,boleto,2,903.42
ORD_002083,1,credit_card,10,1047.33
ORD_002084,1,boleto,2,26.26
ORD_002085,1,boleto,5,1352.75
ORD_002086,1,credit_card,2,1407.72
ORD_002087,1,credit_card,2,974.22
ORD_002088,1,credit_card,2,997.07
ORD_002089,1,credit_card,3,456.75
ORD_002090,1,credit_card,2,490.4
ORD_002091,1,debit_card,1,603.61
ORD_002092,1,boleto,6,1096.6
ORD_002093,1,debit_card,3,488.23
ORD_002094,1,credit_card,1,981.64
ORD_002095,1,debit_card,1,437.44
ORD_002096,1,credit_card,4,1349.08
ORD_002097,1,credit_card,1,719.05
ORD_002098,1,debit_card,1,813.0
ORD_002099,1,debit_card,10,1566.1
ORD_002100,1,credit_card,10,867.24
ORD_002101,1,credit_card,2,1308.81
ORD_002102,1,credit_card,5,648.02
ORD_002103,1,debit_card,12,677.43
ORD_002104,1,boleto,5,1038.6
ORD_002105,1,credit_card,2,111.85
ORD_002106,1,voucher,1,577.18
ORD_002107,1,voucher,1,1312.16
ORD_002108,1,voucher,1,596.39
ORD_002109,1,credit_card,10,205.5
ORD_002110,1,boleto,1,1017.75
ORD_002111,1,boleto,10,1486.68
ORD_002112,1,voucher,3,1264.74
ORD_002113,1,credit_card,1,1051.53
ORD_002114,1,credit_card,1,1064.81
ORD_002115,1,credit_card,1,765.36
ORD_002116,1,voucher,10,1065.33
ORD_002117,1,credit_card,5,770.76
ORD_002118,1,voucher,2,465.59
ORD_002119,1,voucher,6,679.06
ORD_002120,1,credit_card,2,1280.26
ORD_002121,1,debit_card,4,290.72
ORD_002122,1,voucher,4,325.76
ORD_002123,1,voucher,1,968.51
ORD_002124,1,debit_card,2,1222.88
ORD_002125,1,boleto,6,1707.48
ORD_002126,1,boleto,2,365.42
ORD_002127,1,debit_card,2,1271.89
ORD_002128,1,credit_card,4,401.64
ORD_002129,1,boleto,6,355.94
ORD_002130,1,credit_card,2,623.78
ORD_002131,1,boleto,1,888.36
ORD_002132,1,credit_card,6,1722.19
ORD_002133,1,credit_card,4,1428.45
ORD_002134,1,boleto,1,789.77
ORD_002135,1,credit_card,2,893.57
ORD_002136,1,debit_card,3,224.78
ORD_002137,1,credit_card,12,363.88
ORD_002138,1,credit_card,1,422.89
ORD_002139,1,voucher,2,226.08
ORD_002140,1,boleto,10,1847.8
ORD_002141,1,credit_card,2,295.56
ORD_002142,1,credit_card,12,1045.96
ORD_002143,1,voucher,2,84.94
ORD_002144,1,credit_card,5,53.14
ORD_002145,1,credit_card,10,863.58
ORD_002146,1,boleto,3,1226.25
ORD_002147,1,voucher,5,1276.27
ORD_002148,1,credit_card,1,945.27
ORD_002149,1,boleto,5,808.18
ORD_002150,1,credit_card,1,1040.06
ORD_002151,1,boleto,3,1860.19
ORD_002152,1,voucher,2,492.9
ORD_002153,1,boleto,6,790.57
ORD_002154,1,boleto,4,410.03
ORD_002155,1,credit_card,1,1387.26
ORD_002156,1,credit_card,1,156.97
ORD_002157,1,voucher,10,1654.46
ORD_002158,1,credit_card,5,367.1
ORD_002159,1,credit_card,6,779.73
ORD_002160,1,debit_card,6,491.42
ORD_002161,1,credit_card,5,510.87
ORD_002162,1,credit_card,5,1035.91
ORD_002163,1,credit_card,1,859.77
ORD_002164,1,credit_card,3,1436.06
ORD_002165,1,credit_card,3,1047.99
ORD_002166,1,credit_card,3,647.93
ORD_002167,1,credit_card,2,1165.89
ORD_002168,1,voucher,5,171.82
ORD_002169,1,debit_card,1,372.3
ORD_002170,1,credit_card,3,856.43
ORD_002171,1,boleto,10,948.18
ORD_002172,1,credit_card,3,1708.46
ORD_002173,1,credit_card,12,253.3
ORD_002174,1,voucher,1,934.6
ORD_002175,1,boleto,5,450.94
ORD_002176,1,credit_card,12,312.33
ORD_002177,1,voucher,4,1375.75
ORD_002178,1,boleto,1,1725.45
ORD_002179,1,boleto,5,1004.54
ORD_002180,1,credit_card,1,563.43
ORD_002181,1,voucher,6,286.04
ORD_002182,1,voucher,12,845.97
ORD_002183,1,credit_card,1,252.81
ORD_002184,1,debit_card,1,1124.35
ORD_002185,1,voucher,1,795.14
ORD_002186,1,boleto,2,156.42
ORD_002187,1,voucher,3,247.73
ORD_002188,1,debit_card,1,612.88
ORD_002189,1,debit_card,3,565.1
ORD_002190,1,voucher,2,363.89
ORD_002191,1,credit_card,3,1641.21
ORD_002192,1,credit_card,1,154.0
ORD_002193,1,debit_card,1,241.77
ORD_002194,1,debit_card,6,130.51
ORD_002195,1,credit_card,2,90.01
ORD_002196,1,credit_card,3,310.47
ORD_002197,1,voucher,3,620.82
ORD_002198,1,credit_card,5,1310.43
ORD_002199,1,credit_card,1,1416.22
ORD_002200,1,credit_card,5,1239.24
ORD_002201,1,credit_card,10,1105.69
ORD_002202,1,voucher,2,1276.04
ORD_002203,1,voucher,4,1498.79
ORD_002204,1,credit_card,1,1260.9
ORD_002205,1,credit_card,2,456.18
ORD_002206,1,credit_card,1,458.87
ORD_002207,1,boleto,1,1451.91
ORD_002208,1,credit_card,1,554.02
ORD_002209,1,debit_card,1,809.85
ORD_002210,1,debit_card,5,1392.83
ORD_002211,1,credit_card,3,120.24
ORD_002212,1,voucher,2,506.23
ORD_002213,1,credit_card,3,1122.87
ORD_002214,1,voucher,12,1861.3
ORD_002215,1,voucher,3,1619.29
ORD_002216,1,credit_card,5,569.06
ORD_002217,1,credit_card,3,1491.15
ORD_002218,1,credit_card,5,431.88
ORD_002219,1,debit_card,1,272.62
ORD_002220,1,boleto,1,437.23
ORD_002221,1,credit_card,1,223.67
ORD_002222,1,debit_card,3,1327.83
ORD_002223,1,boleto,5,1026.19
ORD_002224,1,credit_card,3,544.24
ORD_002225,1,credit_card,2,601.14
ORD_002226,1,credit_card,5,1131.9
ORD_002227,1,credit_card,4,556.81
ORD_002228,1,debit_card,5,729.91
ORD_002229,1,debit_card,10,1523.31
ORD_002230,1,voucher,1,690.37
ORD_002231,1,credit_card,2,1122.13
ORD_002232,1,credit_card,4,1005.67
ORD_002233,1,debit_card,3,1552.75
ORD_002234,1,boleto,2,345.74
ORD_002235,1,credit_card,1,794.09
ORD_002236,1,voucher,5,1325.17
ORD_002237,1,debit_card,2,1417.03
ORD_002238,1,credit_card,1,308.54
ORD_002239,1,voucher,2,379.11
ORD_002240,1,credit_card,2,136.06
ORD_002241,1,credit_card,2,549.2
ORD_002242,1,credit_card,2,106.01
ORD_002243,1,credit_card,3,847.27
ORD_002244,1,boleto,2,1132.79
ORD_002245,1,boleto,4,770.08
ORD_002246,1,credit_card,1,634.56
ORD_002247,1,credit_card,12,79.41
ORD_002248,1,credit_card,1,801.16
ORD_002249,1,debit_card,12,770.81
ORD_002250,1,boleto,6,945.4
ORD_002251,1,credit_card,3,1628.98
ORD_002252,1,voucher,2,760.12
ORD_002253,1,credit_card,2,783.46
ORD_002254,1,voucher,5,1660.47
ORD_002255,1,credit_card,10,1065.06
ORD_002256,1,credit_card,2,1299.38
ORD_002257,1,credit_card,6,311.23
ORD_002258,1,credit_card,1,662.31
ORD_002259,1,boleto,12,66.45
ORD_002260,1,credit_card,1,1535.22
ORD_002261,1,credit_card,1,432.83
ORD_002262,1,credit_card,2,598.05
ORD_002263,1,credit_card,6,674.64
ORD_002264,1,credit_card,6,229.44
ORD_002265,1,boleto,2,1771.86
ORD_002266,1,credit_card,1,357.25
ORD_002267,1,credit_card,1,1693.78
ORD_002268,1,debit_card,3,1093.9
ORD_002269,1,credit_card,1,523.03
ORD_002270,1,debit_card,1,778.16
ORD_002271,1,boleto,2,906.25
ORD_002272,1,debit_card,3,538.32
ORD_002273,1,credit_card,4,854.67
ORD_002274,1,voucher,5,161.42
ORD_002275,1,credit_card,3,1142.93
ORD_002276,1,credit_card,1,471.14
ORD_002277,1,credit_card,2,10.1
ORD_002278,1,credit_card,5,487.56
ORD_002279,1,credit_card,10,886.56
ORD_002280,1,voucher,10,1421.29
ORD_002281,1,boleto,6,361.12
ORD_002282,1,debit_card,2,132.41
ORD_002283,1,boleto,5,837.47
ORD_002284,1,voucher,1,629.5
ORD_002285,1,credit_card,3,856.91
ORD_002286,1,boleto,3,899.38
ORD_002287,1,credit_card,3,702.79
ORD_002288,1,credit_card,1,988.76
ORD_002289,1,debit_card,12,568.25
ORD_002290,1,credit_card,5,380.88
ORD_002291,1,voucher,2,1356.12
ORD_002292,1,credit_card,10,382.48
ORD_002293,1,voucher,2,482.96
ORD_002294,1,credit_card,1,382.6
ORD_002295,1,voucher,6,1052.53
ORD_002296,1,credit_card,6,1225.53
ORD_002297,1,credit_card,1,1065.7
ORD_002298,1,credit_card,2,497.05
ORD_002299,1,voucher,1,1058.9
ORD_002300,1,credit_card,4,1443.6
ORD_002301,1,credit_card,4,206.17
ORD_002302,1,credit_card,1,484.35
ORD_002303,1,boleto,1,1675.55
ORD_002304,1,boleto,3,1119.89
ORD_002305,1,boleto,3,174.31
ORD_002306,1,credit_card,1,475.15
ORD_002307,1,boleto,3,410.42
ORD_002308,1,credit_card,3,1490.87
ORD_002309,1,credit_card,1,1667.9
ORD_002310,1,voucher,1,1119.09
ORD_002311,1,credit_card,1,674.15
ORD_002312,1,credit_card,1,834.27
ORD_002313,1,debit_card,3,1315.13
ORD_002314,1,debit_card,2,493.7
ORD_002315,1,credit_card,5,609.63
ORD_002316,1,debit_card,1,1164.24
ORD_002317,1,credit_card,2,1043.19
ORD_002318,1,voucher,4,1277.11
ORD_002319,1,voucher,2,1217.28
ORD_002320,1,credit_card,3,515.46
ORD_002321,1,credit_card,3,1507.03
ORD_002322,1,credit_card,6,685.65
ORD_002323,1,voucher,5,785.06
ORD_002324,1,debit_card,2,705.41
ORD_002325,1,boleto,2,1083.92
ORD_002326,1,voucher,1,965.57
ORD_002327,1,credit_card,4,1062.82
ORD_002328,1,boleto,2,191.24
ORD_002329,1,voucher,2,1187.9
ORD_002330,1,credit_card,2,134.98
ORD_002331,1,credit_card,4,1062.74
ORD_002332,1,voucher,12,1519.59
ORD_002333,1,boleto,3,1104.38
ORD_002334,1,debit_card,1,462.56
ORD_002335,1,boleto,12,465.29
ORD_002336,1,boleto,1,1621.91
ORD_002337,1,credit_card,6,1092.46
ORD_002338,1,voucher,1,618.32
ORD_002339,1,debit_card,2,1440.13
ORD_002340,1,credit_card,3,465.09
ORD_002341,1,boleto,2,644.01
ORD_002342,1,credit_card,1,1784.01
ORD_002343,1,credit_card,10,633.59
ORD_002344,1,credit_card,5,403.28
ORD_002345,1,credit_card,1,456.05
ORD_002346,1,debit_card,2,804.45
ORD_002347,1,boleto,3,1229.9
ORD_002348,1,credit_card,4,1401.89
ORD_002349,1,debit_card,1,592.19
ORD_002350,1,debit_card,1,211.49
ORD_002351,1,credit_card,1,427.28
ORD_002352,1,boleto,4,941.06
ORD_002353,1,debit_card,6,357.88
ORD_002354,1,credit_card,4,1120.75
ORD_002355,1,debit_card,5,481.05
ORD_002356,1,credit_card,3,948.32
ORD_002357,1,debit_card,6,260.07
ORD_002358,1,boleto,5,1129.78
ORD_002359,1,debit_card,6,634.15
ORD_002360,1,voucher,1,485.6
ORD_002361,1,voucher,3,1346.57
ORD_002362,1,debit_card,10,551.91
ORD_002363,1,voucher,1,578.85
ORD_002364,1,debit_card,5,57.89
ORD_002365,1,boleto,6,577.74
ORD_002366,1,boleto,3,802.77
ORD_002367,1,credit_card,5,661.08
ORD_002368,1,voucher,6,1088.1
ORD_002369,1,boleto,1,1324.26
ORD_002370,1,debit_card,1,1104.39
ORD_002371,1,boleto,1,623.46
ORD_002372,1,credit_card,5,642.04
ORD_002373,1,debit_card,1,108.37
ORD_002374,1,debit_card,6,342.0
ORD_002375,1,credit_card,10,1225.23
ORD_002376,1,voucher,4,1331.29
ORD_002377,1,debit_card,5,481.26
ORD_002378,1,credit_card,4,209.59
ORD_002379,1,credit_card,10,870.52
ORD_002380,1,boleto,1,1342.12
ORD_002381,1,boleto,1,1327.78
ORD_002382,1,voucher,5,1002.3
ORD_002383,1,voucher,1,1439.35
ORD_002384,1,debit_card,2,1089.09
ORD_002385,1,boleto,1,907.9
ORD_002386,1,debit_card,4,521.48
ORD_002387,1,voucher,1,570.97
ORD_002388,1,voucher,4,888.33
ORD_002389,1,credit_card,2,1312.92
ORD_002390,1,debit_card,5,515.33
ORD_002391,1,debit_card,1,1000.81
ORD_002392,1,credit_card,1,459.91
ORD_002393,1,credit_card,3,1253.49
ORD_002394,1,debit_card,3,814.02
ORD_002395,1,credit_card,2,509.83
ORD_002396,1,credit_card,3,1024.02
ORD_002397,1,debit_card,4,159.56
ORD_002398,1,voucher,1,514.27
ORD_002399,1,debit_card,1,1233.53
ORD_002400,1,boleto,10,273.7
ORD_002401,1,boleto,5,717.39
ORD_002402,1,voucher,6,476.99
ORD_002403,1,boleto,1,377.13
ORD_002404,1,credit_card,1,931.47
ORD_002405,1,boleto,6,1161.74
ORD_002406,1,boleto,2,950.0
ORD_002407,1,credit_card,1,1180.04
ORD_002408,1,debit_card,4,1211.45
ORD_002409,1,credit_card,4,987.1
ORD_002410,1,voucher,12,1163.55
ORD_002411,1,credit_card,5,708.14
ORD_002412,1,boleto,2,1141.41
ORD_002413,1,credit_card,1,1607.19
ORD_002414,1,credit_card,2,1009.74
ORD_002415,1,boleto,6,335.96
ORD_002416,1,credit_card,1,1158.24
ORD_002417,1,credit_card,1,524.65
ORD_002418,1,voucher,10,1225.0
ORD_002419,1,boleto,4,708.48
ORD_002420,1,boleto,3,538.08
ORD_002421,1,credit_card,2,1170.27
ORD_002422,1,debit_card,2,239.18
ORD_002423,1,boleto,2,436.18
ORD_002424,1,credit_card,3,916.18
ORD_002425,1,credit_card,2,548.4
ORD_002426,1,credit_card,1,674.67
ORD_002427,1,credit_card,6,290.04
ORD_002428,1,voucher,4,1046.33
ORD_002429,1,credit_card,1,1055.19
ORD_002430,1,credit_card,3,86.23
ORD_002431,1,credit_card,2,1318.84
ORD_002432,1,debit_card,3,1918.05
ORD_002433,1,credit_card,12,910.65
ORD_002434,1,voucher,10,1374.8
ORD_002435,1,debit_card,5,1395.78
ORD_002436,1,credit_card,4,671.92
ORD_002437,1,boleto,3,671.05
ORD_002438,1,voucher,3,1136.29
ORD_002439,1,voucher,1,523.36
ORD_002440,1,credit_card,2,546.82
ORD_002441,1,debit_card,5,1558.0
ORD_002442,1,credit_card,3,467.8
ORD_002443,1,credit_card,3,929.21
ORD_002444,1,credit_card,3,463.7
ORD_002445,1,boleto,2,1303.93
ORD_002446,1,credit_card,1,774.58
ORD_002447,1,voucher,1,844.42
ORD_002448,1,credit_card,4,219.64
ORD_002449,1,voucher,1,1587.61
ORD_002450,1,credit_card,12,899.93
ORD_002451,1,credit_card,10,820.49
ORD_002452,1,credit_card,1,327.95
ORD_002453,1,boleto,4,937.37
ORD_002454,1,debit_card,10,273.55
ORD_002455,1,voucher,5,441.98
ORD_002456,1,boleto,1,1111.35
ORD_002457,1,debit_card,1,896.35
ORD_002458,1,voucher,2,731.09
ORD_002459,1,voucher,4,1176.16
ORD_002460,1,boleto,6,390.27
ORD_002461,1,debit_card,10,354.39
ORD_002462,1,credit_card,2,1611.58
ORD_002463,1,boleto,1,1027.68
ORD_002464,1,credit_card,2,1176.98
ORD_002465,1,credit_card,2,824.56
ORD_002466,1,debit_card,4,809.23
ORD_002467,1,debit_card,12,78.77
ORD_002468,1,boleto,1,332.0
ORD_002469,1,voucher,1,1296.37
ORD_002470,1,debit_card,10,1401.76
ORD_002471,1,credit_card,5,416.29
ORD_002472,1,voucher,1,1337.25
ORD_002473,1,debit_card,3,1559.16
ORD_002474,1,credit_card,1,1100.7
ORD_002475,1,credit_card,4,1827.74
ORD_002476,1,voucher,5,748.9
ORD_002477,1,credit_card,4,1089.8
ORD_002478,1,boleto,6,674.43
ORD_002479,1,credit_card,4,153.55
ORD_002480,1,credit_card,4,681.53
ORD_002481,1,debit_card,2,1295.93
ORD_002482,1,debit_card,10,775.97
ORD_002483,1,boleto,5,860.27
ORD_002484,1,voucher,1,1299.37
ORD_002485,1,voucher,1,1169.06
ORD_002486,1,debit_card,2,1150.95
ORD_002487,1,debit_card,5,967.18
ORD_002488,1,credit_card,1,1626.53
ORD_002489,1,credit_card,1,1013.83
ORD_002490,1,debit_card,4,1349.35
ORD_002491,1,boleto,1,1450.03
ORD_002492,1,boleto,2,1348.28
ORD_002493,1,boleto,4,1161.81
ORD_002494,1,credit_card,3,191.1
ORD_002495,1,boleto,5,457.15
ORD_002496,1,debit_card,2,604.51
ORD_002497,1,credit_card,1,979.79
ORD_002498,1,credit_card,12,701.69
ORD_002499,1,credit_card,5,1038.94
ORD_002500,1,credit_card,4,266.98
ORD_002501,1,credit_card,12,1075.1
ORD_002502,1,credit_card,5,761.85
ORD_002503,1,credit_card,3,879.84
ORD_002504,1,boleto,6,577.72
ORD_002505,1,credit_card,4,482.35
ORD_002506,1,debit_card,3,1314.71
ORD_002507,1,credit_card,4,1094.54
ORD_002508,1,debit_card,1,336.0
ORD_002509,1,credit_card,12,668.08
ORD_002510,1,credit_card,1,668.23
ORD_002511,1,boleto,1,655.63
ORD_002512,1,debit_card,1,907.72
ORD_002513,1,debit_card,3,17.14
ORD_002514,1,credit_card,12,1503.08
ORD_002515,1,voucher,2,1428.04
ORD_002516,1,credit_card,3,523.66
ORD_002517,1,voucher,5,241.08
ORD_002518,1,credit_card,3,97.6
ORD_002519,1,boleto,3,253.6
ORD_002520,1,credit_card,1,419.54
ORD_002521,1,credit_card,1,98.86
ORD_002522,1,debit_card,1,1022.23
ORD_002523,1,credit_card,2,1764.59
ORD_002524,1,credit_card,1,921.75
ORD_002525,1,credit_card,2,272.47
ORD_002526,1,credit_card,2,905.21
ORD_002527,1,credit_card,1,1206.29
ORD_002528,1,credit_card,4,27.51
ORD_002529,1,credit_card,6,1474.77
ORD_002530,1,credit_card,2,199.58
ORD_002531,1,boleto,1,1253.27
ORD_002532,1,credit_card,2,928.59
ORD_002533,1,credit_card,6,1106.31
ORD_002534,1,credit_card,5,588.16
ORD_002535,1,credit_card,2,762.52
ORD_002536,1,boleto,1,425.57
ORD_002537,1,voucher,10,1421.78
ORD_002538,1,boleto,2,541.07
ORD_002539,1,credit_card,1,1138.39
ORD_002540,1,credit_card,2,1631.12
ORD_002541,1,credit_card,2,149.4
ORD_002542,1,debit_card,6,805.4
ORD_002543,1,credit_card,10,418.42
ORD_002544,1,credit_card,12,469.92
ORD_002545,1,credit_card,3,723.21
ORD_002546,1,debit_card,1,1654.09
ORD_002547,1,voucher,10,796.03
ORD_002548,1,credit_card,1,1441.98
ORD_002549,1,boleto,5,1123.95
ORD_002550,1,voucher,3,944.69
ORD_002551,1,credit_card,1,631.28
ORD_002552,1,boleto,12,222.66
ORD_002553,1,credit_card,4,302.56
ORD_002554,1,voucher,6,1201.17
ORD_002555,1,debit_card,6,781.8
ORD_002556,1,voucher,2,304.6
ORD_002557,1,debit_card,4,1371.35
ORD_002558,1,credit_card,1,1244.28
ORD_002559,1,boleto,5,906.98
ORD_002560,1,debit_card,6,806.38
ORD_002561,1,debit_card,1,871.82
ORD_002562,1,credit_card,3,1204.44
ORD_002563,1,debit_card,10,456.5
ORD_002564,1,credit_card,5,112.31
ORD_002565,1,credit_card,3,469.57
ORD_002566,1,boleto,3,1339.91
ORD_002567,1,debit_card,1,140.09
ORD_002568,1,debit_card,1,29.25
ORD_002569,1,debit_card,1,750.48
ORD_002570,1,credit_card,4,1394.36
ORD_002571,1,boleto,3,1134.84
ORD_002572,1,boleto,1,92.73
ORD_002573,1,credit_card,12,915.62
ORD_002574,1,credit_card,5,223.99
ORD_002575,1,credit_card,12,310.34
ORD_002576,1,boleto,1,280.94
ORD_002577,1,credit_card,5,720.81
ORD_002578,1,credit_card,5,23.74
ORD_002579,1,voucher,1,852.62
ORD_002580,1,boleto,2,1078.98
ORD_002581,1,debit_card,3,546.15
ORD_002582,1,credit_card,1,1126.86
ORD_002583,1,boleto,1,474.67
ORD_002584,1,debit_card,10,402.91
ORD_002585,1,credit_card,10,919.35
ORD_002586,1,credit_card,10,1457.96
ORD_002587,1,credit_card,2,1676.64
ORD_002588,1,credit_card,3,1702.59
ORD_002589,1,boleto,1,185.08
ORD_002590,1,credit_card,4,421.71
ORD_002591,1,debit_card,1,579.88
ORD_002592,1,voucher,1,956.75
ORD_002593,1,credit_card,2,1166.11
ORD_002594,1,credit_card,1,418.08
ORD_002595,1,credit_card,3,1341.7
ORD_002596,1,boleto,12,1468.12
ORD_002597,1,voucher,4,1288.71
ORD_002598,1,boleto,2,1013.98
ORD_002599,1,voucher,10,1502.6
ORD_002600,1,credit_card,10,254.3
ORD_002601,1,credit_card,12,509.43
ORD_002602,1,debit_card,2,819.36
ORD_002603,1,credit_card,1,1672.27
ORD_002604,1,credit_card,2,143.67
ORD_002605,1,credit_card,12,1613.11
ORD_002606,1,credit_card,1,203.29
ORD_002607,1,debit_card,1,572.48
ORD_002608,1,boleto,6,115.42
ORD_002609,1,credit_card,1,1343.71
ORD_002610,1,debit_card,5,965.1
ORD_002611,1,credit_card,2,497.2
ORD_002612,1,credit_card,12,1068.92
ORD_002613,1,credit_card,1,878.25
ORD_002614,1,debit_card,1,1093.42
ORD_002615,1,debit_card,2,1162.71
ORD_002616,1,credit_card,3,42.19
ORD_002617,1,credit_card,2,604.19
ORD_002618,1,credit_card,1,710.98
ORD_002619,1,credit_card,10,1470.95
ORD_002620,1,credit_card,4,890.57
ORD_002621,1,voucher,3,766.72
ORD_002622,1,debit_card,1,1266.59
ORD_002623,1,voucher,10,1356.45
ORD_002624,1,credit_card,3,788.74
ORD_002625,1,voucher,1,751.0
ORD_002626,1,credit_card,4,377.4
ORD_002627,1,boleto,4,775.04
ORD_002628,1,voucher,3,568.99
ORD_002629,1,debit_card,1,778.05
ORD_002630,1,boleto,1,1161.36
ORD_002631,1,credit_card,1,254.35
ORD_002632,1,credit_card,3,231.92
ORD_002633,1,credit_card,4,848.5
ORD_002634,1,voucher,4,221.72
ORD_002635,1,boleto,4,360.71
ORD_002636,1,credit_card,2,303.3
ORD_002637,1,debit_card,5,1404.38
ORD_002638,1,credit_card,3,504.2
ORD_002639,1,credit_card,10,748.91
ORD_002640,1,credit_card,6,1467.93
ORD_002641,1,credit_card,5,1092.62
ORD_002642,1,boleto,4,805.17
ORD_002643,1,credit_card,2,375.96
ORD_002644,1,credit_card,1,331.74
ORD_002645,1,boleto,10,1102.82
ORD_002646,1,debit_card,12,1334.43
ORD_002647,1,boleto,1,1042.95
ORD_002648,1,credit_card,1,622.71
ORD_002649,1,credit_card,5,1349.85
ORD_002650,1,credit_card,3,784.84
ORD_002651,1,credit_card,1,744.24
ORD_002652,1,boleto,1,1107.9
ORD_002653,1,boleto,6,1369.69
ORD_002654,1,boleto,6,635.83
ORD_002655,1,boleto,3,313.91
ORD_002656,1,credit_card,3,994.55
ORD_002657,1,voucher,5,191.03
ORD_002658,1,credit_card,2,815.49
ORD_002659,1,credit_card,1,260.99
ORD_002660,1,credit_card,5,1805.93
ORD_002661,1,debit_card,2,1139.23
ORD_002662,1,boleto,1,887.03
ORD_002663,1,credit_card,6,1176.99
ORD_002664,1,boleto,3,333.64
ORD_002665,1,boleto,1,477.65
ORD_002666,1,voucher,6,1272.55
ORD_002667,1,credit_card,3,1056.52
ORD_002668,1,credit_card,1,868.44
ORD_002669,1,credit_card,1,526.78
ORD_002670,1,boleto,3,455.51
ORD_002671,1,credit_card,5,569.23
ORD_002672,1,credit_card,1,482.48
ORD_002673,1,debit_card,2,1258.56
ORD_002674,1,credit_card,2,20.32
ORD_002675,1,voucher,1,403.69
ORD_002676,1,boleto,10,1206.39
ORD_002677,1,credit_card,3,1546.67
ORD_002678,1,credit_card,1,564.26
ORD_002679,1,credit_card,5,1359.08
ORD_002680,1,debit_card,5,253.22
ORD_002681,1,credit_card,2,454.99
ORD_002682,1,credit_card,5,979.92
ORD_002683,1,boleto,1,417.06
ORD_002684,1,debit_card,10,495.54
ORD_002685,1,credit_card,10,1279.9
ORD_002686,1,voucher,1,368.39
ORD_002687,1,credit_card,4,1292.75
ORD_002688,1,voucher,10,804.92
ORD_002689,1,credit_card,1,167.38
ORD_002690,1,boleto,1,1253.17
ORD_002691,1,debit_card,1,1304.9
ORD_002692,1,boleto,2,806.53
ORD_002693,1,credit_card,3,316.44
ORD_002694,1,credit_card,2,748.71
ORD_002695,1,boleto,10,1665.56
ORD_002696,1,credit_card,4,454.53
ORD_002697,1,credit_card,2,1079.64
ORD_002698,1,debit_card,2,840.59
ORD_002699,1,voucher,4,919.47
ORD_002700,1,debit_card,1,727.93
ORD_002701,1,credit_card,10,705.61
ORD_002702,1,boleto,4,1217.4
ORD_002703,1,credit_card,4,1069.91
ORD_002704,1,voucher,2,1791.15
ORD_002705,1,credit_card,12,316.0
ORD_002706,1,credit_card,5,509.26
ORD_002707,1,debit_card,3,614.85
ORD_002708,1,credit_card,1,1011.57
ORD_002709,1,credit_card,1,1521.7
ORD_002710,1,credit_card,2,93.97
ORD_002711,1,credit_card,3,165.29
ORD_002712,1,credit_card,10,1306.41
ORD_002713,1,credit_card,1,457.99
ORD_002714,1,debit_card,1,718.88
ORD_002715,1,credit_card,1,1029.12
ORD_002716,1,debit_card,12,342.8
ORD_002717,1,credit_card,4,433.63
ORD_002718,1,debit_card,2,1026.25
ORD_002719,1,boleto,10,1468.79
ORD_002720,1,voucher,3,235.22
ORD_002721,1,debit_card,1,362.92
ORD_002722,1,debit_card,4,271.08
ORD_002723,1,debit_card,2,387.08
ORD_002724,1,voucher,2,301.6
ORD_002725,1,voucher,1,916.73
ORD_002726,1,credit_card,5,440.29
ORD_002727,1,credit_card,5,1088.35
ORD_002728,1,voucher,2,997.59
ORD_002729,1,credit_card,1,1506.11
ORD_002730,1,credit_card,1,1245.01
ORD_002731,1,debit_card,4,1242.59
ORD_002732,1,debit_card,3,188.3
ORD_002733,1,boleto,3,178.7
ORD_002734,1,boleto,6,915.89
ORD_002735,1,credit_card,12,489.58
ORD_002736,1,credit_card,3,1381.96
ORD_002737,1,debit_card,6,379.55
ORD_002738,1,debit_card,3,1589.7
ORD_002739,1,debit_card,5,765.36
ORD_002740,1,voucher,4,1481.78
ORD_002741,1,boleto,12,644.13
ORD_002742,1,boleto,5,262.72
ORD_002743,1,debit_card,10,276.78
ORD_002744,1,debit_card,4,369.09
ORD_002745,1,credit_card,3,1203.61
ORD_002746,1,voucher,4,716.0
ORD_002747,1,voucher,1,1046.84
ORD_002748,1,voucher,2,577.53
ORD_002749,1,boleto,10,530.63
ORD_002750,1,boleto,6,221.49
ORD_002751,1,credit_card,6,718.77
ORD_002752,1,debit_card,2,180.12
ORD_002753,1,voucher,1,1000.27
ORD_002754,1,credit_card,5,690.08
ORD_002755,1,debit_card,1,260.3
ORD_002756,1,credit_card,1,937.18
ORD_002757,1,boleto,1,681.92
ORD_002758,1,credit_card,1,135.74
ORD_002759,1,voucher,1,399.04
ORD_002760,1,credit_card,2,692.32
ORD_002761,1,debit_card,4,821.17
ORD_002762,1,credit_card,1,462.31
ORD_002763,1,credit_card,3,778.48
ORD_002764,1,voucher,5,623.06
ORD_002765,1,credit_card,6,436.0
ORD_002766,1,voucher,6,944.24
ORD_002767,1,credit_card,4,943.74
ORD_002768,1,credit_card,3,496.55
ORD_002769,1,debit_card,5,2052.02
ORD_002770,1,credit_card,4,389.12
ORD_002771,1,debit_card,2,642.82
ORD_002772,1,voucher,6,942.56
ORD_002773,1,debit_card,1,308.01
ORD_002774,1,credit_card,1,418.6
ORD_002775,1,voucher,2,442.28
ORD_002776,1,credit_card,10,92.65
ORD_002777,1,credit_card,5,401.25
ORD_002778,1,debit_card,4,1219.06
ORD_002779,1,boleto,1,646.35
ORD_002780,1,debit_card,3,767.8
ORD_002781,1,voucher,12,330.48
ORD_002782,1,boleto,1,1272.84
ORD_002783,1,boleto,3,686.19
ORD_002784,1,boleto,1,424.8
ORD_002785,1,credit_card,3,367.63
ORD_002786,1,credit_card,1,443.53
ORD_002787,1,credit_card,4,392.71
ORD_002788,1,credit_card,6,1059.53
ORD_002789,1,credit_card,2,934.79
ORD_002790,1,credit_card,1,104.21
ORD_002791,1,credit_card,3,640.43
ORD_002792,1,credit_card,10,351.98
ORD_002793,1,boleto,10,1495.75
ORD_002794,1,debit_card,1,176.35
ORD_002795,1,debit_card,10,1282.16
ORD_002796,1,credit_card,4,415.49
ORD_002797,1,credit_card,4,531.85
ORD_002798,1,credit_card,1,1153.42
ORD_002799,1,voucher,4,325.2
ORD_002800,1,voucher,5,714.46
ORD_002801,1,boleto,5,794.99
ORD_002802,1,credit_card,2,721.38
ORD_002803,1,credit_card,10,792.01
ORD_002804,1,credit_card,1,674.17
ORD_002805,1,voucher,2,603.01
ORD_002806,1,credit_card,1,1074.57
ORD_002807,1,credit_card,10,1676.69
ORD_002808,1,voucher,5,333.06
ORD_002809,1,debit_card,1,549.03
ORD_002810,1,credit_card,10,203.01
ORD_002811,1,voucher,1,346.4
ORD_002812,1,credit_card,5,956.44
ORD_002813,1,credit_card,2,1178.46
ORD_002814,1,credit_card,3,385.37
ORD_002815,1,credit_card,4,317.08
ORD_002816,1,credit_card,12,1479.6
ORD_002817,1,credit_card,6,832.8
ORD_002818,1,voucher,1,973.7
ORD_002819,1,credit_card,2,326.77
ORD_002820,1,voucher,6,420.34
ORD_002821,1,credit_card,6,969.41
ORD_002822,1,credit_card,6,175.9
ORD_002823,1,debit_card,12,856.2
ORD_002824,1,credit_card,3,1719.62
ORD_002825,1,debit_card,1,741.7
ORD_002826,1,boleto,1,479.39
ORD_002827,1,credit_card,6,489.36
ORD_002828,1,debit_card,3,1518.44
ORD_002829,1,debit_card,3,547.52
ORD_002830,1,debit_card,1,1213.29
ORD_002831,1,credit_card,3,304.31
ORD_002832,1,credit_card,4,932.45
ORD_002833,1,credit_card,3,972.58
ORD_002834,1,credit_card,4,478.28
ORD_002835,1,credit_card,1,464.62
ORD_002836,1,credit_card,2,935.34
ORD_002837,1,debit_card,2,82.48
ORD_002838,1,credit_card,3,697.34
ORD_002839,1,credit_card,5,372.14
ORD_002840,1,credit_card,5,57.41
ORD_002841,1,credit_card,1,1214.12
ORD_002842,1,credit_card,3,1164.75
ORD_002843,1,credit_card,3,931.31
ORD_002844,1,debit_card,2,1673.18
ORD_002845,1,credit_card,1,215.27
ORD_002846,1,credit_card,3,325.35
ORD_002847,1,voucher,12,458.04
ORD_002848,1,boleto,1,113.24
ORD_002849,1,debit_card,4,870.53
ORD_002850,1,credit_card,5,988.23
ORD_002851,1,credit_card,1,1653.97
ORD_002852,1,voucher,4,900.64
ORD_002853,1,credit_card,4,518.07
ORD_002854,1,credit_card,3,1517.39
ORD_002855,1,debit_card,6,14.78
ORD_002856,1,boleto,6,490.1
ORD_002857,1,credit_card,3,780.35
ORD_002858,1,credit_card,5,1307.89
ORD_002859,1,boleto,10,960.82
ORD_002860,1,credit_card,10,558.61
ORD_002861,1,voucher,6,291.2
ORD_002862,1,voucher,10,840.76
ORD_002863,1,credit_card,2,1092.14
ORD_002864,1,credit_card,3,406.59
ORD_002865,1,credit_card,1,988.92
ORD_002866,1,boleto,2,1146.27
ORD_002867,1,credit_card,1,1058.14
ORD_002868,1,boleto,2,554.35
ORD_002869,1,boleto,2,1065.52
ORD_002870,1,boleto,12,445.42
ORD_002871,1,boleto,10,262.55
ORD_002872,1,voucher,1,455.66
ORD_002873,1,credit_card,2,764.27
ORD_002874,1,credit_card,1,792.53
ORD_002875,1,boleto,1,743.52
ORD_002876,1,voucher,1,426.31
ORD_002877,1,credit_card,5,262.94
ORD_002878,1,debit_card,3,1530.4
ORD_002879,1,debit_card,1,363.91
ORD_002880,1,debit_card,1,137.71
ORD_002881,1,boleto,6,634.06
ORD_002882,1,credit_card,3,1413.82
ORD_002883,1,voucher,5,588.39
ORD_002884,1,boleto,6,1229.21
ORD_002885,1,boleto,10,438.3
ORD_002886,1,credit_card,4,964.75
ORD_002887,1,credit_card,6,296.72
ORD_002888,1,voucher,1,1134.19
ORD_002889,1,credit_card,3,1183.98
ORD_002890,1,boleto,1,449.78
ORD_002891,1,debit_card,1,1110.58
ORD_002892,1,credit_card,1,1562.45
ORD_002893,1,credit_card,10,423.98
ORD_002894,1,credit_card,5,774.3
ORD_002895,1,voucher,1,930.13
ORD_002896,1,boleto,4,697.64
ORD_002897,1,boleto,2,603.08
ORD_002898,1,debit_card,5,845.98
ORD_002899,1,credit_card,10,2117.32
ORD_002900,1,voucher,3,1363.27
ORD_002901,1,voucher,3,292.24
ORD_002902,1,debit_card,6,1101.42
ORD_002903,1,credit_card,10,997.97
ORD_002904,1,voucher,1,654.66
ORD_002905,1,voucher,6,723.04
ORD_002906,1,credit_card,2,330.76
ORD_002907,1,credit_card,2,92.98
ORD_002908,1,debit_card,10,49.06
ORD_002909,1,debit_card,5,743.95
ORD_002910,1,boleto,1,557.54
ORD_002911,1,voucher,3,429.04
ORD_002912,1,credit_card,3,620.45
ORD_002913,1,debit_card,2,1020.13
ORD_002914,1,voucher,4,1620.75
ORD_002915,1,boleto,2,1341.48
ORD_002916,1,credit_card,1,1083.89
ORD_002917,1,credit_card,1,1393.94
ORD_002918,1,voucher,1,481.9
ORD_002919,1,debit_card,4,1191.9
ORD_002920,1,debit_card,2,354.13
ORD_002921,1,debit_card,3,477.61
ORD_002922,1,voucher,5,390.53
ORD_002923,1,voucher,5,234.16
ORD_002924,1,credit_card,6,886.83
ORD_002925,1,credit_card,3,811.33
ORD_002926,1,credit_card,1,1444.47
ORD_002927,1,boleto,10,241.25
ORD_002928,1,credit_card,12,209.81
ORD_002929,1,debit_card,6,335.58
ORD_002930,1,credit_card,1,1280.0
ORD_002931,1,credit_card,4,394.28
ORD_002932,1,credit_card,6,1722.52
ORD_002933,1,credit_card,4,579.45
ORD_002934,1,credit_card,3,1343.81
ORD_002935,1,boleto,2,857.52
ORD_002936,1,credit_card,4,1596.99
ORD_002937,1,credit_card,2,391.21
ORD_002938,1,debit_card,2,1091.72
ORD_002939,1,credit_card,1,192.95
ORD_002940,1,voucher,6,590.95
ORD_002941,1,credit_card,2,1132.07
ORD_002942,1,debit_card,6,696.55
ORD_002943,1,debit_card,5,451.03
ORD_002944,1,boleto,3,557.3
ORD_002945,1,credit_card,4,820.35
ORD_002946,1,voucher,1,1020.73
ORD_002947,1,credit_card,1,965.63
ORD_002948,1,credit_card,3,814.25
ORD_002949,1,credit_card,12,236.89
ORD_002950,1,voucher,2,1409.1
ORD_002951,1,credit_card,5,1364.46
ORD_002952,1,credit_card,3,1221.65
ORD_002953,1,boleto,1,1306.53
ORD_002954,1,boleto,3,1058.65
ORD_002955,1,credit_card,5,578.91
ORD_002956,1,credit_card,3,340.07
ORD_002957,1,credit_card,2,1333.9
ORD_002958,1,credit_card,6,764.21
ORD_002959,1,credit_card,5,749.96
ORD_002960,1,credit_card,4,742.66
ORD_002961,1,debit_card,2,280.45
ORD_002962,1,credit_card,12,900.47
ORD_002963,1,credit_card,2,678.93
ORD_002964,1,voucher,3,1296.82
ORD_002965,1,credit_card,5,1109.84
ORD_002966,1,credit_card,1,280.3
ORD_002967,1,boleto,1,1098.24
ORD_002968,1,voucher,12,1418.84
ORD_002969,1,credit_card,1,890.66
ORD_002970,1,credit_card,6,796.11
ORD_002971,1,boleto,6,832.15
ORD_002972,1,credit_card,2,734.76
ORD_002973,1,credit_card,6,1138.9
ORD_002974,1,voucher,2,1119.12
ORD_002975,1,credit_card,5,1161.01
ORD_002976,1,credit_card,1,938.41
ORD_002977,1,credit_card,3,1634.43
ORD_002978,1,credit_card,10,470.84
ORD_002979,1,credit_card,2,934.52
ORD_002980,1,credit_card,6,877.33
ORD_002981,1,credit_card,1,1002.45
ORD_002982,1,credit_card,5,284.53
ORD_002983,1,credit_card,10,430.31
ORD_002984,1,credit_card,2,662.41
ORD_002985,1,voucher,1,1021.17
ORD_002986,1,boleto,10,599.9
ORD_002987,1,debit_card,4,411.61
ORD_002988,1,boleto,2,1105.42
ORD_002989,1,boleto,2,524.45
ORD_002990,1,debit_card,1,1457.05
ORD_002991,1,debit_card,2,287.82
ORD_002992,1,boleto,5,1631.99
ORD_002993,1,credit_card,1,929.04
ORD_002994,1,boleto,6,726.03
ORD_002995,1,boleto,6,481.07
ORD_002996,1,credit_card,1,1365.87
ORD_002997,1,debit_card,10,992.13
ORD_002998,1,voucher,2,553.38
ORD_002999,1,debit_card,4,298.75
ORD_003000,1,voucher,1,1301.57
